record_id,calculated_metrics_vfinal,checkins_v2,created,created_by,description,education_modules,full_name,intake_markers_raw,intake_metrics_raw,last_modified,last_modified_by,recommendation_subcategories,recommendations,short_name,survey_questions,tracked_metrics,tracked_metrics_primary,weight
recgGEypX3ghJay5R,"recGpA90JnwA5Lwwi, rec3MnwprrNx5WqqN, rechX2ebh9btNOQLX, recpkhgT0fFuQl1NF, rec39ViJ5ctW3CQJF, recknNj3bejPa9gNc, rec9KRoI8TVBXgf5V, recz1mxoq56v7ye7j, recEuLfcionAEHuxo, recHkmXhLhadFGYHD, recymReSeyd1ZawKw, rec3IuWLP2JxVDMvc, rec7bo1iZqtG3vVgn, recbGfLbzhxUQL6j2, rechoasBvKlPTc7K1, recHDABFxYSwsWiIP, recLiyx9n4sjxZFI1, recQdU3aMAVBH4CsO, recrE8ZPjgqmWUN0M, rec4SIuNTsoKcIYwj, reczD2kuUQSd7Ke6F, receP0uJG8ReWogvl, rec71BD8UohNw7mTL, recwpzjlVmB8XGaiq, recG5r0B2rnihsElx, rec2lPc6KWn7kiyFC, recYLPMMzs0JXY9lU, rectiV0O4MVMUcW2M, recDYbjBWQe9vs11Q, recgYUj84IikG1ron, recuSSKRhyhRN978l, recLj5GYHqYiTC4jo, rec2NMcnuZ4ieBXnr, recbhvuUmr944Cq4w, rec0PvlSlxiYV1h2j, recUbZz7Nzn1EnQSM, recGiUiUaID7mAdo0, rec1dTagH1GWgW9in, reclpXrHPKzZjgU7G, recBiDT0P3XU60LM7, reccCEe8PGjqhzmyY, recYiJzYAm3QkH9y9, recP3CxAEVfjLlerO, recbsCAVwtKNgsDYv, recb56iG9mIphT8lA, recwzQVaHdpJnCmDs, recOvYr08Rj2iPdHc, recuMRBCfJVSLVloK, rece1ZK4voGB41Isw, rec3WXBXeF91098Gc, recD4Y8yazQwqi57U, recofKP9v9uZrPBLw, recFkrVkLWVS674KK, reczkGnRKXr1kt8GO, recSS7uhpgcZj6pPq, reca3uTcKsyxmurqf, recOCavZ1WHCXyUnE, recUCwywKgmppMKhV, reclyzlCZnvczhmnC, recE3KUr5KLsnjvl8, recaOSieHgikeIksD, rec8zRBa4sBPkeBAk, rec8cT84Wh19MzvqU, recC6Eldv9OLdivqf, recNzOe2650EhKLI6, recuUjz6JHSSuU8js, recNSnIxYyYcb7ITc, recjKCkbzkzu3Zy41, recryCTgMZ3E2TQ1J, recqMKjjVRs1RrQeo, reckOw3VbzkNuvzAH, recvAUAjSDhDk73mC, recF1PLK58NqkBCbH, recKgEKAeyOiOmNqZ, recBwvFfJzV6wHkew, recZuFwAE8HANtMy8, recohknaonBXz95CD, recr2lQOJlE6bX0b5, recuQwNjwhazRCEVh, recEinzDZKYXXpn2Z, rec2vrtjlYXnqlvpr, recYePlQNAddUXuqD, rec7K3BZOSteS0STt, recxDkvF3GvJXSwer, recWQ5WqXRynWx7hM, recY4H2UF05Uu1xer, recOgMyuq9svPrOWv, recxYTpaPnpi3YurX, recLdjNNDgqCo8nvF, recuYoFcLSUuqXnvi, recNyjVFxPUtmKTSf, recHu8HXEQmRbKRf3, recLK67nO62yaipFo, rec5IeICLAinb5el7, recYfwbTR5ffyPtJ5, rec42MxeJM9MES7ug, recqo2sCnSEYTjVr8, reclSOi3jmyJCLxyM, recTH7DLHsLEv8CHC, recotgSzXqGTB3P3X, rec5EZ5sgEZ5e4atX, recGGQXQS9u5pAgx6, recUs3667iFP3i6cf, rec8wtpvsB3lzCkgQ","rec16POWJplFBIvLg, recwMr7UOuFStPMD0, rec2FluZjXAbjg7iY, recNjGW0wtFxzDDZk, recjwfUWGtsFOVNw7, recmHTrFhQqXwLTWZ, recsVeQ2EtPzgteEv, rec1amVCt02QL0uhi, recHjr94nc54qJ8sC, recTZUp6I0ucEoiYD, recAYT3LhklQWPjUy",2025-06-03T21:10:18.000Z,"{""id"": ""usrdgG7vRV8iqukqL"", ""email"": ""keegankdolan@gmail.com"", ""name"": ""Keegan Dolan""}","Optimizing what, when, and how you eat to fuel your body and mind. This pillar encompasses nutrient density, meal timing, hydration, gut health, and metabolic flexibility. It focuses on whole foods, balanced macronutrients, strategic supplementation when needed, and eating patterns that support stable energy, healthy weight, and disease prevention. Includes tracking biomarkers like glucose, lipids, inflammatory markers, and micronutrient levels.","reckbeflul8tSyBfN, recIHJiTkWFPGTXJq, recOeBcjAHtpZeBwd, reco2jVRaDpYPrB7o",Healthful Nutrition,"recBA3iQ4lGJtC2nM, recw2hqgZfllcjFso, recq0JX3QgFBo5mm4, recUkIxIOnGBQsC1n, recDBJLAkc5CAfBm3, receYj9nbAEGPBxFl, recAAuZFrdsqJW3yd, recTTucmjMGfWunuf, recbYuWTuZJPZwFNc, recmyyZam7oYaGnDd, rec7uKDm1ll1XGOqk, recx8nMW7TjR18ZJv, recVAfZIHmVof1Bmj, recPiW3K4dhWi31Xh, reckGxzoaJGEmBptC, recVhxrj1lPj9iYBc, recPDAl8akGkZng3A, reccHPJ5bLiHkc845, rec4HrV6IpswwrF1u, recC0mB1LyNGjDyld, recf4HtvFUqMhyhdh, recierVNozpgZdLZH, recAdUWMgWMZS3qKI, recfQt6B5C5wmZDqn, rec0mt0T6zXGg2XeQ, recL8dpnjNSzBJp2L, recyAXip0DWF9Lp1S, recsIZzvXU1VCDEpy, recp5z4Yutaf7CDEX, recrdgjigS4nlwmx8, rec93yl8sjy6vTsht, rec6V13cha6oovOXX, recDwWAHjdIXhMhSV, recr9ZjdfpVef9KJR, recTyoThcQqCihtey, recyUWBp7cedeahQO, rec78IoEbAaGCIfPe, recRgCjpkw99U68vD, recuJaoMbqZ3GOYdw, recLJcUUTL1szyE8Z, recUzK4L9enpnuWG8, recHikXLmHS0a08lF, recdABLj65LlSCrvr, rec7lljffINZr7vSi, recVZYWGkdqlDhEL9, recHHlPLn8pdw89yH, recALCA8WP3CwReZz, recGspbHqQAWDMXpQ, recStFWPU3NCH9loj, recEf9Re7uOBSjPbu, rec1DXEBKaRkramqH, rec07hP2wtWOA81Db, recZa2jX2ZfsZQr47, recwIwB9znK0kB3Xg, recDUx81XNYUkBLRH, recX6IiQRem8pQ14z, recZd7qSsYU2dqSw0","recVHWlB26jWt9Ij9, recyKRTIlX4Jux2W0, recbIfUESzC18eAIL, reccxH7AESy9vvBPo, recLuAlDIETnvUUtO, recELBnyZAf0mIQH6, rec8o1wlo0olBMl8A, recXiq3Os05QJJki4, recSy02sgRnjfOkHE, recoiAahhmbWcaNoa",2025-10-08T16:46:39.000Z,"{""id"": ""usrdgG7vRV8iqukqL"", ""email"": ""keegankdolan@gmail.com"", ""name"": ""Keegan Dolan""}","recu9tDkvWy2Erooq, recgcvedIxxgb9Da7, recZrUvYalktSJo4C, recRR3tMhyPSxcIir","rec51TDeLYX6vOI1v, recj4S8iGZ5mXx4NS, recu8nVY5FrP2YCVR, recHzb6cKfnSgyEzu, rec949y9L8RuJ25yP, recIRf5TBEMboKqVm, recMV3jzfb4sKW5vY, receDJo2S8FqzNOrm, recnSEMu0buoaCSvm, rec3vdJyRz5x9yYJ6, recMWhvrT57rQOSyU, recTnxfnpWuWO6CRg, recGXWM4L7vUbxfCd, recMEPqal9VglyK6U, rechz1JGiQJCv9YJo, recCqwYvk7o9NLZye, rec4hs6FOKci6FcHD, receMjPXD2cZs6rer, recPnCzFAy0LTJ9C1, recf94WHfCkB3aoTA, recq2dRUP4FLao9gd, rectiHMpuqUW6EpOg, recDVZeEtpOMlhHaY, recIoVf6FOKFcUX8p, recn4eGEOf9XA0tat, recApH4t4nFb8maup, reckLfq4q5YH3ChjU, recvLB6CCcDJhm1Fx, recgFS8idJ1Rz8Msu, recPgYrf87WKNpens, recs1Yx1aoyTCalz2, recxd0ZkIKfdSxVMp, recr7AtTCj4d026By, recRbJX726D4FBznW, recCAuXnKTEfdVA0Q, recTJviRFoOIYipZZ, recdOj8Nr8NO1FwR6, recuXJOhYT3ZVrOfD, recXYBL9UD1QWCF3t, recXiFdoZPO8ahvNU, rec33mt1Ib40viKUU, recMC1NC2ymnw4oc0, rece1ITrYjtv2h2G9, rec3SLnheYd7g7voW, rec6gzOrneb26gUk8, recUXhRwOBdDmwIz0, recjqayDOdtqvgy74, reciMtPp6Py82USrr, recB2JtyJ9bvr8qWT, recdUipe4wxEhf4uC, recUROIBVBAObV7l2, reciGprkevaemYHuP, recIO41LpxD5gj47B, recxoe009Z2wEIjIq, recXEzuSgRogrTVp5, recCGSspjFrrF9fg3, reczMIC9rZdAuBwLG, recqGXj1oW94w3reg, recDZahYDWNJwuytg, recYmmhm1c1ibQ8h3, recUk7Y0cYFgRAOg5, recWJPLkPnQbaX9eI, recGQyztbSj4MyEaU, recMfTk8ITmrFJowR, recz8gAMEHUAYrsVo, recvv2HVgKwsoHdQD, recjyJ3KMCwCS3IQM, recmvq3CmxWl89zlQ, recXY3q9q7wAfwlZJ, recla4wfM9zK0cR4j, rec99M50zfGNf4bjs, recduf6TsTzeCYv1V, recOifq6N7ttSB96g, receIFIO0xrD92Ym4, rec9qkWiu9H6o4rZk, recjNakoelsgINz0v, rec1uVBjIQODjal27, recqZ5QkKpTUNLuyR, recISyk9tLHy8M5nn, recF3yrCOuu1R5WWn, reca1EA58OLPRmVpr, recbyxDEVmqEJOGEm, recRqbE5GobS5ypJO, rec4Hh9DCxAPvzMAm, rec5tjtQCBJ4GIUt0, recKSMprKLEieLyvE, rec7EqxLQUj6YTgjT, recCcLx86DjEMRVI3, recQoV723sjWnXzFf, reckB84w1I7PYO70q, recRLv58bRCFXEEmM, recoQ4M1UFDYTpRtz, recvISUhZ3bLfwmRd, recIiLdL0yZoPruxo, recSvNHfXtYZuMro9, recSIgeTvZw06BnOK, recjeGf9u2bH8nPlj, rec8ggeIQTlmww2Nf, rec4RauKJEov9pPmH, recfet5FiXMcdggss",Nutrition,"rec8ZCAHLZ9Zj6YtG, recdorXEQnFC3mdaM, recZjPoIybJlYq5qA, recNhMQvucOA0MgLG, rec3MCyKh3Dayx8zo, reczsgNcRp9jMQtZ1, reclbnElAkc59UG9J, rec0kjPRRttBlPtbN, recB3XpknCEyoZi3Y, recB9bksOtUK6I6K5, recb9sXEhzdtAr8O0, recPkLqmb216mf1qR, recSsOBdoRh65pY8N, recnBW6AfULBOdTRn, recxAzIJetLwInYSc, reca3iswGajoVcX6m, recSUEvcRodl20lVh, rec7TtBEMJX8jXWpl, recYE7UAFNk3TWpma, recQn4yhFGXABX037, recKWT2iCgJCmzR2r, rec5Za4ACS5koKKAA, rec7MKREmvkQak6tv, recVgJPCjl6bFrxTF, reckWVAxbFZqNUBH5, rec03yyLVOhKfTU0h, recWPv6mU44m5CIaU, recugsHSGpOSnPUl6, recpyYuG1EpOOgUvc, rec8bllVZh8RXZYmE, recZX8E0SdbtQLdvh, recyZmRo4bNCSwqgk, recO3yE3oFHy34D35, recrsWCKBVe6FrWKU, recYww9HM6ejmJ0Z1, recBHTHigTyt28Myq, rec15V8HMi7wW8oqM, rectyMt823nYsBLqv, rec3r6aNQRHa9olKV, recthgsjLzXL1it66, recpNwuGaMiFJrUcy, recfvPS3p0Coe0K1t, recyYch9nU3YwUI7c, recX2ryfOHU3rtNPX, recTwJtW7KPJ0m9yi, recZvMXAv0x4qnVn4, rec6OFq3i7zZzowgk, recvJLx2ALivHWNnh, reckoVPlTCiYKHkrg, recBH8X3IgY4doffE, recsNVNwN8eREqO94, recW50txvajhijEQM, recauYkOSEa3nqgib, rec7v9iHdsRBp28ZL, reclhdioo0aEFKMFb, rec8OuYKeTwot8Bnz, reco4YYRUThFO2AmT, rec60q0R6fMhKnZpO, rec0xj5dsI5vV2jGZ, rec5AQny9AzyNXv5l, rec5b6PQnoGPoajbd, recsQDonkdKHbeLtP, reck7WXhwUsk4ov9G, recKASmdaJfuQtfqz, recIfZZm7sVbAaJJM, recdwEpn4ejoQDf9h, recxnp1qLUv1bY0Qw, recaX0uNW9zxUFK7a, recmvOxxdX3g7KfYV, recLICieDf9EekwXx, recs2wOKTt5pmZ5SC, recFxAtRqdxE0e2H8, recZMkfFgsK7AeyJv, rec0qPVrC24aXdNBE, recGQoPwHjVrEixcK, rec698T3pwcdOdVMZ, recB2jitOG9AX7tqL","recEQJIHSBn0dbAsE, recXGAU9Qi5e8bKSW, recgyE3iWXP2ccYEx, recjmkU2nIaeSH2XZ, recWRDVKJz69pZhYp, recKArUE41uHphWb9, recfE9BcGPHq9cPDZ, recKLAs4h7IGRfWda, recMRSL40KDppZ8IJ, recJ13o0XSJGZkkdP, recgumU8bXrsl54Ed, recGPPDd5i4uun3oa, rec0Bp07c21sb2Ref, recrOyba1O3mB2CHm, recr6RWwNxcz0tpr3, reclDxNnJwcuQSYak, rec6b386oYCSHnyVO, reccae2LNjsIz4uBu, recwG50znghbnB0TO, recx1YaZabuU3zURf, recVMr3DikpSr9pNN, recEbOiNyw46llfxE, reczZJe3TIG1mp9oT, rec4SBmFYUdPPk8U8, recOyyoTez0r0ndcp, recRaC1lSL33KQ2u8, recsM47DgXMaSFxrK, recATC4ssc5CoJarW, recseppfup15Ij0xE, recpCHgbnbY5cEy1Q, recJeEd61woRAahla, recMVZ6YoOQTJvFBa, recEPturjvPaeVBMk, recmrxrBzd9TFYnvB, recUyh0VZjCy93jRe, recfZYnWPIzFnqZHW, recV4FEjIHsOdKtHc, recbJUUXvMmPRbpoM, recBPu9PYFPU8hate","recEQJIHSBn0dbAsE, recjmkU2nIaeSH2XZ, recXGAU9Qi5e8bKSW, recgyE3iWXP2ccYEx, recWRDVKJz69pZhYp, recKArUE41uHphWb9, recfE9BcGPHq9cPDZ, recKLAs4h7IGRfWda, recMRSL40KDppZ8IJ, recJ13o0XSJGZkkdP, recgumU8bXrsl54Ed, recGPPDd5i4uun3oa, rec0Bp07c21sb2Ref, recrOyba1O3mB2CHm, recr6RWwNxcz0tpr3, reclDxNnJwcuQSYak, rec6b386oYCSHnyVO, reccae2LNjsIz4uBu, recwG50znghbnB0TO, recx1YaZabuU3zURf, recVMr3DikpSr9pNN, recEbOiNyw46llfxE, reczZJe3TIG1mp9oT, rec4SBmFYUdPPk8U8, recOyyoTez0r0ndcp, recRaC1lSL33KQ2u8, recmrxrBzd9TFYnvB, recUyh0VZjCy93jRe, recfZYnWPIzFnqZHW, recV4FEjIHsOdKtHc, recbJUUXvMmPRbpoM",14.285714285714286
rec6QXhDyyqwyuLdd,"recIDeGzWueGUUdhc, recgfnn0lmJuo32eW, recxn1733dm1R50gf, rec8dtmC937ACy6fU, recnKn6LYQ4EU4s3k, recOb7Wmk2eWh8YNl, recKUsJsFjKfnr6bK, rec3QVJMUpMyOeFPK, rec5HCi82toNvbTLR, rec9g8qJoUQezJ3GJ","recAEkNG4wDg3hxPD, recVmmIpCRuj6eBaA, reclWmjxAuJ35aQKj, recsxuB3VV3s3GS91, recNjGW0wtFxzDDZk, recjwfUWGtsFOVNw7, recmHTrFhQqXwLTWZ, recsVeQ2EtPzgteEv, rec1amVCt02QL0uhi, recHjr94nc54qJ8sC, recTZUp6I0ucEoiYD, recAYT3LhklQWPjUy",2025-06-03T21:10:18.000Z,"{""id"": ""usrdgG7vRV8iqukqL"", ""email"": ""keegankdolan@gmail.com"", ""name"": ""Keegan Dolan""}","Achieving consistent, high-quality sleep that allows for physical recovery and mental restoration. This pillar addresses sleep duration (7-9 hours), sleep quality, circadian rhythm alignment, sleep environment optimization, and recovery metrics. It includes managing sleep disruptors, establishing consistent sleep-wake times, and monitoring both subjective sleep quality and objective metrics like HRV, sleep stages, and recovery scores.","rec9nGWmReSlmUgbV, recgxnlpcOn54qmN7, reczp0uEQsRT9Kvbf, rec3xCGX0bCGY6hIF",Restorative Sleep,"recTTucmjMGfWunuf, recbYuWTuZJPZwFNc, recmyyZam7oYaGnDd, rec7uKDm1ll1XGOqk, recx8nMW7TjR18ZJv, recVAfZIHmVof1Bmj, recPiW3K4dhWi31Xh, reckGxzoaJGEmBptC, reccHPJ5bLiHkc845, recC0mB1LyNGjDyld, recL8dpnjNSzBJp2L, recwtXkPSEQgyddmt, recdABLj65LlSCrvr, recX6IiQRem8pQ14z","recVHWlB26jWt9Ij9, recyKRTIlX4Jux2W0, recbIfUESzC18eAIL, reccxH7AESy9vvBPo, recLuAlDIETnvUUtO, recELBnyZAf0mIQH6, recqea20SA5Y5BaIw, rec8o1wlo0olBMl8A, recXiq3Os05QJJki4, recSy02sgRnjfOkHE",2025-10-09T14:21:51.000Z,"{""id"": ""usrdgG7vRV8iqukqL"", ""email"": ""keegankdolan@gmail.com"", ""name"": ""Keegan Dolan""}","recpVRuEpkYs3COcp, rec7hUi9tJdVwnLpj","recbbFVlKZwQNf0EX, recXuOWpl8orK06ul, recrAMEvn6TQqpIMf, recvLB6CCcDJhm1Fx, recgFS8idJ1Rz8Msu, recPgYrf87WKNpens, recRbJX726D4FBznW, recCAuXnKTEfdVA0Q, recTJviRFoOIYipZZ, rece1ITrYjtv2h2G9, rec3SLnheYd7g7voW, rec6gzOrneb26gUk8, rec4AEbFQJsIeCNOD, rec0j9ruDrnh2P6gG, recKLti4nzfTo8acc, rece9QUzAfvHZSMxU, recnCaXsF7KhzduFk, recq2gsA68cq1kCeB, recqGyakXN5etEtZk, recuLDdQ8KbpeyEPc, reckWMg3144Ab2593, rechiD1yw3GS6kYFm, recBygbsMsJ1OkpdA, rec0YKdAFfBNGKbyu, recjyJ3KMCwCS3IQM, recT4f3tvSbqWAgBw, recLblhnXjPvPGMmj, recJkNzpUTB17O5t8, recocYYB6fhtj8Gbh, recmvq3CmxWl89zlQ, recXY3q9q7wAfwlZJ, recla4wfM9zK0cR4j, rec99M50zfGNf4bjs, recduf6TsTzeCYv1V, reclTbJmA8iYIbUMn, reccJvdb4qs4gLNRe, recOifq6N7ttSB96g, recMuFqL0V3Vyboh5, rec1PrjGHQIdyGhrF, recfr0V7Fnw7SZ4OA, reckIdFin6Pkpdu89, recyXksrMGanEno4s, rec8N8q9NY4ZMpidr, recVgr0Jt9BCXPwrq, recJyf9NectewwQwI, rec45yTVyDirbipb1, recowvjMgKFTslp3H, recOieepC1dJP16UP, recKw2sxgw6EU6M04, recSnJ4U7H8ZPQlZT, recNyDfLvFBteUfQI",Sleep,"rec8ZCAHLZ9Zj6YtG, recdorXEQnFC3mdaM, recZjPoIybJlYq5qA, recNhMQvucOA0MgLG, rec3MCyKh3Dayx8zo, reczsgNcRp9jMQtZ1, recWPv6mU44m5CIaU, recugsHSGpOSnPUl6, recrAta7Jt2tQnk9H, rec094uzKwALREEBq, recjiAMwSDvNonKIb, recTHBPzuvxceAMkK, recwO2QbikjWZo4Ar, recwLilVxRDlatcM6, rece7MCcq2WNS193m, recCyBrOljWyB94wA, rec5U9RtBjyfE3NnB, recJPwj4XoIsM0gTN, recIZ4oBSRmOgXprM, recOuoNEd2ATAXH2U, recleJrYOWQTYQ2ep, recBXWpbPZPzK6IAK, recCyXnwCOjWBn6PZ, recdCNQoI0QtsNhLE, recT5LJathqlwN1dP, recP27CnzjWmmH6XS, recZGx4BQs1mz0UpY, recxkHPaUtjxZBA31, recN21aAmohd6F0cX, recU9ROqMEXYufWdJ, reccIuQdMvlTAbRuJ, recK7qb2pQj7Ioc6e, recrLPuIz36vPzB6B, recGCeAHljVtjJKsx, recqLsq5Pp8F4t0Ix, recMIalue0xY6t6UQ, recIo9pKfAnqtccD7, rec7NiLjJdGG67hbN, reco4YYRUThFO2AmT, reclPxSl6SHOe3Mks, recoG0MYleDtap5uP, rececKb74pOu5tBgj, recOKH2GOquoMaike, reczV1FhUVIr4HO2f, reck7WXhwUsk4ov9G, recHcahLeVJpguF8F, reciuqitoJGU7FLOz, recrtIyqIV7ss0gOy, rec97DX7SO5QIxjZX, recfkkLInBlbq3T2X, recUqt0hen2JrsT8k, rec7aWQfjVrmsBf6O, recsu455ugVUplvCM, reckrYeCbZUW6Dh3d, reczxWnvohDMipIso, recZMkfFgsK7AeyJv","reclDxNnJwcuQSYak, rec6b386oYCSHnyVO, reccae2LNjsIz4uBu, recVMr3DikpSr9pNN, recY75tn39AEXKwbl, recFreByeShGraal0, rec0nsL37Ihw1mkM0, rec0UzAaii5gqPh5k, rec4pZKchlwcEivTq, recOAhYP3SRyhogfN, rec2cSrZAbKzTrbAJ, recATC4ssc5CoJarW, recsM47DgXMaSFxrK, recn2NJclI5AuwTnP, rec3W7SRo87kFQF0L, recBPu9PYFPU8hate, recn391Dhu15POjM6, reczBLGmSI3jWDQ1K","recY75tn39AEXKwbl, recFreByeShGraal0, rec0nsL37Ihw1mkM0, recOAhYP3SRyhogfN, rec2cSrZAbKzTrbAJ, recATC4ssc5CoJarW, recsM47DgXMaSFxrK, recn2NJclI5AuwTnP, rec4pZKchlwcEivTq, rec3W7SRo87kFQF0L, recn391Dhu15POjM6",14.285714285714286
recp0marLNu65GGhd,"recvcfe7uiuqIDjKi, recyZW0w8vSxqW6xb, recwsKy3htd1kN23q, recJorm0wDvhBQS9d, recdMrsqBFfup2dOC, recaVayIeSXf4BpyD, recK25xzjBBpVXf1L, recLIzZxrjsb2vgI0, recEC5TJNKMV5KA5p, rec5LsIPpAzVqoWu9, recZO2jCVHI2wG1kV, recMKXJdq99o40g1C, recLBl1dddNWZH9rS, rec6pxIMWMet3Y8Oo, recV15gLGNvPjCjXz, recVR9jCHgOrhqgQg, recOzXCWv3f8XEgSP, recYK1q7YWBttAaaL, rec0023SpErq3vuHH, recorhKdkLw48IZuk, recrpRrUoyFfARNMm, recimqTiUHbJgbBbz, reckgVaoYaTigGhS1, rechjIX1clKwfDyKR, recPbh0QyugbqiK4A, recCPLy7pF7RskXm2, recCxGdWa5gkHU5P3, rec9UyPB9IH6JVY1S, recHTDTOcWMpPlj5w, recX9E06jRhzvV28w, recDy9h2pZ35CDOC3, recAVA9EfYheG3Lrr, rec8TVXTnyeYPcukh, rec4aHf62ykJfJlw9, reckVhKTK5gJaX3ux, recAyaqCbBnRzB6iG, recCXbDWWfDun1mtM, recEUyoJVMFaaSpPW, recP2RIenTY7aVxNY, recP9cCsNlJ39ypyO","recAaTJAR1IClfZwF, recdqjqRrzhYUuD7N, rec1gLqcjegrPQ04P, recmfv2fpTc8VH8Bz, recbjjMm7yNJN5nQt, recNjGW0wtFxzDDZk, recjwfUWGtsFOVNw7, recmHTrFhQqXwLTWZ, recsVeQ2EtPzgteEv, rec1amVCt02QL0uhi, recHjr94nc54qJ8sC, recTZUp6I0ucEoiYD, recAYT3LhklQWPjUy",2025-06-03T21:10:18.000Z,"{""id"": ""usrdgG7vRV8iqukqL"", ""email"": ""keegankdolan@gmail.com"", ""name"": ""Keegan Dolan""}","Building and maintaining physical capacity through structured exercise and daily movement. This pillar combines cardiovascular fitness, strength training, mobility work, and non-exercise activity (NEAT). It emphasizes progressive overload, recovery balance, functional fitness for daily life, and injury prevention. Tracks metrics like VO2 max, strength benchmarks, daily steps, active minutes, and movement variety.","reccFgKY7poexwewJ, recci7i8wGqUtnSSA, recXrJTgPYezW3zeS, recaHOvho4dm0ShFU",Movement + Exercise,"recBA3iQ4lGJtC2nM, recw2hqgZfllcjFso, recq0JX3QgFBo5mm4, recUkIxIOnGBQsC1n, recDBJLAkc5CAfBm3, receYj9nbAEGPBxFl, reckGxzoaJGEmBptC, recVhxrj1lPj9iYBc, recPDAl8akGkZng3A, reccHPJ5bLiHkc845, rec4HrV6IpswwrF1u, recC0mB1LyNGjDyld, recf4HtvFUqMhyhdh, recierVNozpgZdLZH, recAdUWMgWMZS3qKI, recL8dpnjNSzBJp2L, recwtXkPSEQgyddmt, recntmFnf3bSSe2DB, recX6IiQRem8pQ14z","rec0v0JrVS6xu5Dcj, recVHWlB26jWt9Ij9, recyKRTIlX4Jux2W0, recbIfUESzC18eAIL, reccxH7AESy9vvBPo, recLuAlDIETnvUUtO, recELBnyZAf0mIQH6, recqea20SA5Y5BaIw, rec8o1wlo0olBMl8A, recXiq3Os05QJJki4, recSy02sgRnjfOkHE, recHOTAk6Lpmb9uUz",2025-10-08T16:46:39.000Z,"{""id"": ""usrdgG7vRV8iqukqL"", ""email"": ""keegankdolan@gmail.com"", ""name"": ""Keegan Dolan""}","rec4frjP0EPiJaHL9, receY3t5WmBL8kWhD, recbkw0FsYGtce3jt","recyCjSxWdLGZfHwI, recqj8q9IIWoThFkG, recx4JdeaTZgIVoZ3, recMPyaQMbpvDB4Fg, recmj7oZJyT7b1Zct, rec8Pb6zZXqqJdl8w, recZwg1aLhDGK0Ugs, recIjaRnoGtCO8uXx, rec3OiCYCwdkEUVOC, recHS5DnujbLJGA0X, recUcK9hjmH56wFZf, rec8lDzP6nNsCQFUK, recIHhi5vLgm1yazl, recWoGmJUWm4wpggn, recuzoqjqJctR7ahw, rec6T5WTFPHuxI0HV, rec6akLmENMwA5UR0, recdyxjcVFX1IiJmB, recgd6FoSRpsXFwGa, rec365bl5v5RJHmG9, recu6msvuyAWfCw4s, recjNCLgwgIRL0pQO, recsPMg2btkV2VLui, reclKFX6DhQ24ftN0, recMk6fKGjMET080O, recL0tr8zHEGjTEAV, reczXBfMO20DdNbq9, rec2C4Hndkvoy1Dxn, recbqfJA6wK4HdMiE, rec0os47BTvYNpKEy, recydnhcoytUM656x, receNMlaVPPdpM8lF, rec8kQTL0hFtYshjO, recWPZo0CuM633ER7, recHIhiQzo9qxQ0aE, rec0g3pUi8ZOiLy9e, recr1bYkprxDHpqqF, recTDnbMFdEillGGN, recW9EWJrKnyhWcOg, recg3Re7epEA4woTr, recTQU7jk4viGfM5L, reciAaUoOHZJUbefJ, recQcGEPeYqq9gkuZ, receIFIO0xrD92Ym4, recEfZBvWw9nHwH1C, reckIdFin6Pkpdu89, rec21JVl1hc1NAcjF, recLQrNqZ1MFCFp9Y, recEiVaIfGGw9dPmm, rec4Hh9DCxAPvzMAm, recktZRRegRdPu7BF, rec6j4GXfJN4lVk0a, recECNp5P1uw2tKfG, recNA23OClnzCTLwq, reclPQp9DlG5KIMZ6, reckZA8SDPRO4FPlr, recgJ0JW0cUB1lpIQ, recqZjESmxsIBT0cR, recYk1Rr12pasPzbC, recn7b44FTM2gLwQt, recPPB3jgQAl4RoaP, recZlrm9ku16r0EyK, recZ4xnDgCQUqC1J8, recp6DGLCaTxNl8Lh, recjGAYEOulTe2EU3, recYiXLEk8DZ29sNC, recNxHiqAE2g4TiZz, reczWOtikcP4ofJZP, recFuXn2NBfsWPQLH, recqChRyIGnMmQOuO, recfet5FiXMcdggss, recwMucBtv60vCRPH, recr473Z5myZocoxq, rec3wz66GQ4svwDLF, recoJgeNEdm7ID1Qx, recRptGdrmCpyLJHD, rechgUNb6nRo6MSuD, recBkXt1okqTdWtYW",Movement,"rec8ZCAHLZ9Zj6YtG, recdorXEQnFC3mdaM, recZjPoIybJlYq5qA, recNhMQvucOA0MgLG, rec3MCyKh3Dayx8zo, reczsgNcRp9jMQtZ1, recelYDHYn6lVkDrh, recEapW9cFZIqQ0HW, recoFP1MsncmM5fFD, rec8McOEmkTljKa1M, recpn0QUJKCB5NVNH, recgawUgGq72dNUxd, recPXpwXIvua37xLH, recHjFbijgGlet0re, rec8ZDZplMHSxxDQq, reczBS3I2Tg7XmhmW, rec8Qsa77GgZlt6q5, recxJr5iyGUP4el2F, recSW6deaLBDlm5of, recF3jjLti3iolL7r, reclelJYDHG3rhbZB, recmlmgibmblVEPyZ, recRLBKAuCayxy96q, recb7QN4JIG4A8txZ, recOVljgqaUTvgdzV, recx4HMD7NzcU7ewV, recaSgqI22ql0NcAN, recmDK8aeKexsyQC5, recE9cSVIuSErC0Gr, rec7R4HrDYiJrMSW7, recUbEdDDAIRfMPav, recw4FAkAaztEn2FY, recqknuEfIJ2kFWuE, recwkDtwEM3kQ9KHd, rec4E7OidqXbwb4MC, recZNfKDjGXAALdON, recAdvfZVUfSiPKZ2, recAKngDQgxd7C5Sk, recyqnXfOpFyyP9ou, rectWXYOkJPstKHRa","recV6TvniDSNrmCPt, recl2iT9ZsTmqtIV6, recNlALYqbdTE9AfY, reclY9BPepnZQSiDm, rec1MrcLLaRhmGBR2, recx84UE6rhr6jUuq, rec6ECEJg5nhl0x6y, rechN97Dq5ALu3FI9, reclDVu1Iv6feixC3, rec5CjdtdR3SqBAcU, rec5WLPHYGoaKUCjp, recZKlcHhj7CDPJSf, recFl99d8n4l00XcA, recjgSgnrdLSBJBZe, recBp4p7hx3cGOZFS, rectwdl12NyOIQZxD, recOqQiV6ZtMeXXjM, recIP9lf7bOv9VcpU, recseppfup15Ij0xE, recpCHgbnbY5cEy1Q, recJeEd61woRAahla, recMVZ6YoOQTJvFBa, recEPturjvPaeVBMk, recdAJfs9MBESWD8O, reczBLGmSI3jWDQ1K, recBPu9PYFPU8hate","recV6TvniDSNrmCPt, recl2iT9ZsTmqtIV6, recNlALYqbdTE9AfY, reclY9BPepnZQSiDm, rec1MrcLLaRhmGBR2, recx84UE6rhr6jUuq, rec6ECEJg5nhl0x6y, rechN97Dq5ALu3FI9, reclDVu1Iv6feixC3, rec5CjdtdR3SqBAcU, rec5WLPHYGoaKUCjp, recZKlcHhj7CDPJSf, recFl99d8n4l00XcA, rectwdl12NyOIQZxD, recOqQiV6ZtMeXXjM, recIP9lf7bOv9VcpU, recdAJfs9MBESWD8O, reczBLGmSI3jWDQ1K",14.285714285714286
reclbVFCBWmPyvvhP,"recuvtzdhhwMpyoWn, rec5l3sqi70yjgT6R, recFV8cJzzKkssCLV, recYCKwTOArosks7B, recHJ6ldoyJpDAf8y, reckvpJYgWii4YwAl, recQOKlFS6dtSxRt5, rec2HqcoeoO7PVf9E, rechM9DcA8o7EqgtX, recgqjohJGR0tC2ZD, recE2TmAKpgZPmcXo, recC6WV4AYQA4MSqK, rectFuLPa37BL932e, recrezZqWmW9TWdcH, recBNMHX5VFNgZATI, recr5lxS2yXlGj8zY, recbdcutqxUL17ZNO","recvZxIqPh3vcj8di, recWPEmjTtAnrUegv, reczuBAUFJfrYM3a0, rec2Qkcm3Prpu5L3K, recNjGW0wtFxzDDZk, recjwfUWGtsFOVNw7, recmHTrFhQqXwLTWZ, recsVeQ2EtPzgteEv, rec1amVCt02QL0uhi, recHjr94nc54qJ8sC, recTZUp6I0ucEoiYD, recBme80Yg7tFUZSw, recAYT3LhklQWPjUy",2025-06-04T00:04:53.000Z,"{""id"": ""usrdgG7vRV8iqukqL"", ""email"": ""keegankdolan@gmail.com"", ""name"": ""Keegan Dolan""}","Developing resilience and adaptive capacity to handle life's challenges. This pillar includes acute stress response management, chronic stress reduction, nervous system regulation techniques (breathwork, meditation, mindfulness), and building stress resilience through hormetic stressors. Monitors cortisol patterns, HRV trends, perceived stress levels, and recovery from stressful events.","rec7Pl1lhUD8XHhTW, recC7nuiIdZHVkYPY, recZb3APlo364Fojc, recfZJ9c7tvVaDdtV",Stress Management,"recTTucmjMGfWunuf, recbYuWTuZJPZwFNc, rec7uKDm1ll1XGOqk, recPiW3K4dhWi31Xh, reckGxzoaJGEmBptC, recVhxrj1lPj9iYBc, recPDAl8akGkZng3A, reccHPJ5bLiHkc845, rec4HrV6IpswwrF1u, recC0mB1LyNGjDyld, recf4HtvFUqMhyhdh, recierVNozpgZdLZH, recAdUWMgWMZS3qKI, recL8dpnjNSzBJp2L, rec93yl8sjy6vTsht, rec6V13cha6oovOXX, recDwWAHjdIXhMhSV, recwtXkPSEQgyddmt, recUzK4L9enpnuWG8, recHikXLmHS0a08lF, recdABLj65LlSCrvr, recAm1sha0xsNnVoG, recntmFnf3bSSe2DB, recStFWPU3NCH9loj, recZd7qSsYU2dqSw0","recVHWlB26jWt9Ij9, recyKRTIlX4Jux2W0, recbIfUESzC18eAIL, reccxH7AESy9vvBPo, recLuAlDIETnvUUtO, recELBnyZAf0mIQH6, recqea20SA5Y5BaIw, rec8o1wlo0olBMl8A, recXiq3Os05QJJki4, recSy02sgRnjfOkHE",2025-10-09T14:21:52.000Z,"{""id"": ""usrdgG7vRV8iqukqL"", ""email"": ""keegankdolan@gmail.com"", ""name"": ""Keegan Dolan""}","recIS2h2KMv3m2XzN, recnD91lSHw9PNiD2","recvLB6CCcDJhm1Fx, recgFS8idJ1Rz8Msu, recPgYrf87WKNpens, recRbJX726D4FBznW, recCAuXnKTEfdVA0Q, recTJviRFoOIYipZZ, recquoAmPN2DQWqMN, recUYLxwLgg8kOPH4, recmCppTkAH69YD9T, rec3vLswsvuPhdSI8, recitDcZY90pB8urW, recHHMaZWolDFzLGA, reckxUbHvmO4Ee5GK, recDj1wInApRAXWcF, recTV5zjI6tjqTfCg, recYYJsKmN5uZwUsc, recZb5zz7BEHRPdtK, rechCPnup1BaYXrfC, rec7RxMaGNKgWaurt, recdECEj63wIAdpaS, recGATlSqYGvW2Z8b, rec5XmXVudorgDmWs, reczTrDf2qAqm91Ef, recbr5hA05WQY7jMZ, recfr0V7Fnw7SZ4OA, rechpQhjZNZyMJaKd, recfHVj4XC2Io9yHD, recCCrdmuHDQ8XwFE, rec6fwWgbrnZsWhSL, recSwJMQFvt4VDgFE, rec8OYVrnZXECHyH2, recJHurBuD1aU8lxT, recOwl3cingd8zWEb, rec3RuqCKXEI4Gcsq, recNxHiqAE2g4TiZz, recqChRyIGnMmQOuO, recjAJfRYvh4pri3J, recVPwRwUZe832ABK, recr473Z5myZocoxq, rec3wz66GQ4svwDLF, recoJgeNEdm7ID1Qx, recRptGdrmCpyLJHD, rechgUNb6nRo6MSuD, recBkXt1okqTdWtYW, recQIXxWsZj1kOtnz, recHsFNhHJlBpFjgW, recW4YaEApUQpAkIZ, rec53OACb88HAJTmv, recvDTvx97dKfDDAQ, recHr5B1nGxnu8KnT, rec2OqXnmVKO7oJ7Q, recKrHw6m4VJcdyLw, recie6RmdcSYmh1RS, recRSElcOm0JAx8P2, rec6fwp7owi3sJwPU, recCiHujiMWFAOfDE, rec6btiLhmI5y0za1, recdBhhxgIktsQYQV, recevGiDQnrPIXJky, recsF3kTVuyn1Kr1s, recA1lleRRrxvMSic, recVGfIIuJMJH5ZEN",Stress,"rec8ZCAHLZ9Zj6YtG, recdorXEQnFC3mdaM, recZjPoIybJlYq5qA, recNhMQvucOA0MgLG, rec3MCyKh3Dayx8zo, reczsgNcRp9jMQtZ1, recWPv6mU44m5CIaU, recugsHSGpOSnPUl6, recuLwahHYTKlUbjf, recLPATb0a9A4kMIx, recxJK1mxTbWYYVNE, rec2lEHb2yfa3Gjf2, recNNGBUwfYihdki2, recHxLWWN2EbbRVZT, recU0mjpFd8PC80yT, recznJxAKlQXzlgrS, recdoRLC8kxNU0Qj3, rec4SMBbtReKnmC6Q, reca1iygK3fsW4eXV, receCrBQNQtm24CYp, recD9T2fgBFjWFg40, recyjU1FCh0VddWeY, recT3fOVGAi4v3ajz, reco4YYRUThFO2AmT, recc7RVkhb3KABFhx, reck7WXhwUsk4ov9G, rec1JEeG5IigLbgqu, recZMkfFgsK7AeyJv","reclDxNnJwcuQSYak, rec6b386oYCSHnyVO, reccae2LNjsIz4uBu, recjgSgnrdLSBJBZe, recBp4p7hx3cGOZFS, recWB10Y3P4QgrkAQ, recJLyNCZdm7tgHQX, recFzpUjGNlVM3RNK, reczBLGmSI3jWDQ1K, recBPu9PYFPU8hate","recjgSgnrdLSBJBZe, recBp4p7hx3cGOZFS, recWB10Y3P4QgrkAQ, recJLyNCZdm7tgHQX, recFzpUjGNlVM3RNK",14.285714285714286
recIdXMUiA9tWGVL8,"recFs2eVDA82L4C42, recC6WV4AYQA4MSqK, recE2TmAKpgZPmcXo, recgqjohJGR0tC2ZD, rec2HqcoeoO7PVf9E, recrfCrEg0e31v400, recj8VoWO3dBMxgrj, recpWQ1sXPOPf4BOM, recJScF9tScoW22bq, recAqhxDRYMvWQYRo, recH8rJ5V8ckrnZrN, recOhfe6gLgdiVgBE, recpALziQzAAIg97v, rechM9DcA8o7EqgtX, reckvpJYgWii4YwAl, recQOKlFS6dtSxRt5, recTHneuqNR5khOJx, reccwB3ZNC6UnS5zd","recyfttRpmO2cj1ZK, recDDbsuY6PgP5ImS, rec5RPZEoEQVgI7kR, recNjGW0wtFxzDDZk, recjwfUWGtsFOVNw7, recmHTrFhQqXwLTWZ, recsVeQ2EtPzgteEv, rec1amVCt02QL0uhi, recHjr94nc54qJ8sC, recTZUp6I0ucEoiYD, recAYT3LhklQWPjUy",2025-06-04T00:04:53.000Z,"{""id"": ""usrdgG7vRV8iqukqL"", ""email"": ""keegankdolan@gmail.com"", ""name"": ""Keegan Dolan""}","Maintaining and enhancing brain function, mental clarity, and cognitive performance across the lifespan. This pillar addresses focus, memory, processing speed, creativity, and neuroprotection. Includes cognitive training, learning new skills, managing cognitive load, optimizing brain fuel (via nutrition and sleep), and protecting against cognitive decline. Tracks cognitive performance, brain fog frequency, and focus metrics.","recYFTwnURAbmNQgW, rec20kd4sSbqZRQAr, recBvwDZF9zgImGyI, recQgZNp69c8IImK9",Cognitive Health,"recw2hqgZfllcjFso, recUkIxIOnGBQsC1n, receYj9nbAEGPBxFl, recAAuZFrdsqJW3yd, recTTucmjMGfWunuf, recbYuWTuZJPZwFNc, reccHPJ5bLiHkc845, recC0mB1LyNGjDyld, recf4HtvFUqMhyhdh, recierVNozpgZdLZH, recAdUWMgWMZS3qKI, recr9ZjdfpVef9KJR, recTyoThcQqCihtey, recyUWBp7cedeahQO, recLJcUUTL1szyE8Z, recwtXkPSEQgyddmt, recdABLj65LlSCrvr","recVHWlB26jWt9Ij9, recbIfUESzC18eAIL, reccxH7AESy9vvBPo, rec8o1wlo0olBMl8A, recXiq3Os05QJJki4, recHOTAk6Lpmb9uUz",2025-10-08T16:46:39.000Z,"{""id"": ""usrdgG7vRV8iqukqL"", ""email"": ""keegankdolan@gmail.com"", ""name"": ""Keegan Dolan""}","recytEV7aDBcCB14F, recWMTzlCeeE9PlBS","recvLB6CCcDJhm1Fx, recgFS8idJ1Rz8Msu, recPgYrf87WKNpens, recRbJX726D4FBznW, recCAuXnKTEfdVA0Q, recTJviRFoOIYipZZ, recYYJsKmN5uZwUsc, recZb5zz7BEHRPdtK, rechCPnup1BaYXrfC, rec7RxMaGNKgWaurt, recdECEj63wIAdpaS, recGATlSqYGvW2Z8b, rec5XmXVudorgDmWs, reczTrDf2qAqm91Ef, recbr5hA05WQY7jMZ, rec3kwjdpZze3Bmkp, recuJiAcdUvlzbaMN, rec6YtDrPiel0X4qx, rec1CITs0erlgrejI, recQcGEPeYqq9gkuZ, recqZ5QkKpTUNLuyR, rec8v17apgWvVZyv8, rec6j4GXfJN4lVk0a, recZgKqtULFI7aTbk, recCCrdmuHDQ8XwFE, rec6fwWgbrnZsWhSL, rec5tjtQCBJ4GIUt0, recOwl3cingd8zWEb, rec8yc1YcsqsvOize, recoWfRNy3Me1wKfB, reckirOiXpq90sUfn, rec46KtdOk0HjfDw1, recgFonuHJaHd9g1T, recKw2sxgw6EU6M04, recSnJ4U7H8ZPQlZT, recNyDfLvFBteUfQI, recQIXxWsZj1kOtnz, recHsFNhHJlBpFjgW, recW4YaEApUQpAkIZ, rec53OACb88HAJTmv, recvDTvx97dKfDDAQ, recHr5B1nGxnu8KnT, rec2OqXnmVKO7oJ7Q, recKrHw6m4VJcdyLw, recie6RmdcSYmh1RS, recRSElcOm0JAx8P2, rec6fwp7owi3sJwPU, recCiHujiMWFAOfDE, rec6btiLhmI5y0za1, recdBhhxgIktsQYQV, recevGiDQnrPIXJky, recsF3kTVuyn1Kr1s, recA1lleRRrxvMSic, recVGfIIuJMJH5ZEN",Cognition,"rec8ZCAHLZ9Zj6YtG, recdorXEQnFC3mdaM, recZjPoIybJlYq5qA, recNhMQvucOA0MgLG, rec3MCyKh3Dayx8zo, reczsgNcRp9jMQtZ1, recWPv6mU44m5CIaU, recugsHSGpOSnPUl6, recP6cP9rY1LbL1D4, reco4YYRUThFO2AmT, recR3iUrvgY6eFo4R, reck7WXhwUsk4ov9G, rec4GIvD4kEmXxMqV, receQcqooMLH2BxMi, recva2r4jVaS0UvSU, recoEvhR3TYfuGYUj, reckGGuFKOchqgZPR, recqIF9JESGtmu3qC, recBlQaDV3qX3jGbm, rec6e5Xl0WE0yV1DI, rec9XY1Nqi56NnhwI, reciaIJviV002AFB1, reczxWnvohDMipIso, recAdvfZVUfSiPKZ2, recZMkfFgsK7AeyJv","reclDxNnJwcuQSYak, rec6b386oYCSHnyVO, reccae2LNjsIz4uBu, recR0Gdeow6IHSDvd, rechT5IIPBRNzCb74, recV4aEMQC0LiYtAe, recNBUyw6NvnP8WOh, recoeS7pfQzXi85uK, recHJKknkW9SQFCqf, recKVJCrX5rb8Y3Ei, reczsDrLyAiXOgJi7, rec0UzAaii5gqPh5k, recEfAO5FbGtiFMH7, rec4pZKchlwcEivTq, rec2cSrZAbKzTrbAJ, recSQT5ayVm36emQh, recBPu9PYFPU8hate","recR0Gdeow6IHSDvd, rechT5IIPBRNzCb74, recV4aEMQC0LiYtAe, recNBUyw6NvnP8WOh, recoeS7pfQzXi85uK, recHJKknkW9SQFCqf, recKVJCrX5rb8Y3Ei, reczsDrLyAiXOgJi7, rec0UzAaii5gqPh5k, recEfAO5FbGtiFMH7, recSQT5ayVm36emQh",14.285714285714286
recWHZ0F3RQskqHtH,"recTAYD8mSkrJzilP, recypqIJSutp0DSIP, rechmJ5K3Pct0tmY3, recM2M3FOHj6kQF0c, recAoGRSdwjU7WuLY, recHZz8EK01pfnYfc, recG6Oe2w1zBpxxMu","recTgAK681Vt6bYV5, recvIjqcbflY0ev9y, recTfVedTJ2vUYu5P, rec6t4NWKI5fgQyUe, recNjGW0wtFxzDDZk, recjwfUWGtsFOVNw7, recmHTrFhQqXwLTWZ, recsVeQ2EtPzgteEv, rec1amVCt02QL0uhi, recHjr94nc54qJ8sC, recTZUp6I0ucEoiYD, recAYT3LhklQWPjUy",2025-06-04T00:04:53.000Z,"{""id"": ""usrdgG7vRV8iqukqL"", ""email"": ""keegankdolan@gmail.com"", ""name"": ""Keegan Dolan""}","Cultivating meaningful relationships and living with intention and fulfillment. This pillar encompasses social connections, community engagement, sense of purpose, contribution to others, and alignment with personal values. It addresses loneliness prevention, relationship quality, social support systems, and finding meaning in daily activities. Monitors social interaction frequency, relationship satisfaction, and sense of purpose scores.","recW6Uj8CxFal3HOp, rec9SejnUQO8xopmX, recVGXdfhleONeZX8, receHtiCY9we10g61",Connection + Purpose,"recPiW3K4dhWi31Xh, recwtXkPSEQgyddmt, recAm1sha0xsNnVoG",,2025-10-08T16:46:39.000Z,"{""id"": ""usrdgG7vRV8iqukqL"", ""email"": ""keegankdolan@gmail.com"", ""name"": ""Keegan Dolan""}","recM745CKjEqn658d, recD36WFWTgUnTDFo","recJXGEKMA7hyLxHD, recavYQbVctCtyoHO, rectnznpSukhcNfkQ, rec3vLswsvuPhdSI8, recitDcZY90pB8urW, recHHMaZWolDFzLGA, reckxUbHvmO4Ee5GK, recDj1wInApRAXWcF, recTV5zjI6tjqTfCg, recwOBbgoG6GufjKV, reccUoqtwmrdJ4eZC, rec1YZSppHW94FU6J, rec8JdQ8m26j0J5Ii, recQIXxWsZj1kOtnz, recHsFNhHJlBpFjgW, recW4YaEApUQpAkIZ, rec53OACb88HAJTmv, recvDTvx97dKfDDAQ, recHr5B1nGxnu8KnT, recRSElcOm0JAx8P2, rec6fwp7owi3sJwPU, recCiHujiMWFAOfDE, rec6btiLhmI5y0za1, recdBhhxgIktsQYQV, recevGiDQnrPIXJky",Connection,"rec8ZCAHLZ9Zj6YtG, recdorXEQnFC3mdaM, recZjPoIybJlYq5qA, recNhMQvucOA0MgLG, rec3MCyKh3Dayx8zo, reczsgNcRp9jMQtZ1, rec4XzUJMOtQROC1a, recciEiIUk3jAU7LK, rec7DYMmtatuPk42l, recANcQ0kq5nxk0wL, recaFmz7u7YSnqkGj, rectaHodo8DuAAN8I, rec8CPNcT4BffkLFA, recYnbe3a2cigx5It, recKhw6Yc51sHhkJA, recMN8xo4dHucLwkM, recRzisOwWbDeFUyk, recz1Udp8STmKUYlR, recWvZ2eQUPoweV8w, recRddPswDcLJ9uEN, recvaOQY1gpYA6KKq, recFlMGYiZi1Fasz9, recJFtSwUUYJoN2Fl, recHlmZXY4IKl9KSi","rec5S7ARenQjrrMWB, recBPu9PYFPU8hate",rec5S7ARenQjrrMWB,14.285714285714286
recOT0nP41iwVDLKR,"recnFPsFwhY5iwRM5, recSx1jCkPMJ09JCD, recmj64n7Kbt7c66T, recnrCnZw0eLsTrqh, reczdZJwaqtDPMTj6, recVgq9CD3dSpVuxL, recIT4ThuaKu4YE2j, recEs3iBq3EP4d3yM, recQWR5P4cNUsZUsd, reczFF6vBLjOxw4Fc, reczY7QPX3FOKp74m, recpihoFk1Oil2Zj0, recjbSWMBqWaynFJQ, recHHxATYu7JAyb0x, recwulTnKjWrQ77yc, recbtISQHAs3VnqIa, recNmk3nm4Ydx7bXa, recKo2MQWZYwYzDaI, recB53h7qRC5EuLn1, recmEwolBmYixKs71, recHR608YlFVn11tf, recaqjZszr1rYZwLp, recpo90msSdH76ZT7, recdz9H77ndRitj9L, recIL0Nafn1LUEmuP, recfu2uyTnGXRDE4u, recpmgUccsnHhCXlB, recrEwPEq3Sf89w1G, recytedVwBRbdQsfd, recN3rFbUQqQ1yed7, recyxb2PbonwFK8ed, recZqHtxhGCZHopVA, recWZStZb2YS7HQmP, recIZ9IzAUXgEJxuH, recoeTFC1BAxwhShl, rec7xh74qIPjW6yPG, recpgHeU0NxppfOcj, recHrKqMJmZjkTfPu, recqsVGWNyBCUtPen, recfwGl0541VuBYDx, rec6XqppkTF35stEV, recActJ3sF8kbburU, reco96aJYzJadCR5x, recvZ2p8V4yZ52Mqc, recKPhd9HvDuo4CO5","recNjGW0wtFxzDDZk, recjwfUWGtsFOVNw7, recmHTrFhQqXwLTWZ, recsVeQ2EtPzgteEv, rec1amVCt02QL0uhi, recHjr94nc54qJ8sC, recTZUp6I0ucEoiYD, recAYT3LhklQWPjUy",2025-06-04T00:05:54.000Z,"{""id"": ""usrdgG7vRV8iqukqL"", ""email"": ""keegankdolan@gmail.com"", ""name"": ""Keegan Dolan""}","Maintaining fundamental health through preventive care and early detection. This pillar covers regular health screenings, dental care, vision/hearing health, vaccinations, medication management, and working with healthcare providers. It emphasizes proactive health monitoring, age-appropriate screenings, managing chronic conditions, and building a strong healthcare team. Tracks screening compliance, biomarker trends, and preventive care adherence.","reci21n994tJcxEUD, recnD6uop9OZjK2rP, rect68dX7EHj2UnZP, rec1PPnq46e8ZOVJC",Core Care,"recBA3iQ4lGJtC2nM, recw2hqgZfllcjFso, recUkIxIOnGBQsC1n, receYj9nbAEGPBxFl, recAAuZFrdsqJW3yd, reckGxzoaJGEmBptC, reccHPJ5bLiHkc845, recC0mB1LyNGjDyld, recfQt6B5C5wmZDqn, rec0mt0T6zXGg2XeQ, recL8dpnjNSzBJp2L, rec6V13cha6oovOXX, rec78IoEbAaGCIfPe, recRgCjpkw99U68vD, recLJcUUTL1szyE8Z, recdABLj65LlSCrvr, recStFWPU3NCH9loj","recELBnyZAf0mIQH6, recSy02sgRnjfOkHE, recqea20SA5Y5BaIw",2025-10-08T16:46:39.000Z,"{""id"": ""usrdgG7vRV8iqukqL"", ""email"": ""keegankdolan@gmail.com"", ""name"": ""Keegan Dolan""}","recfYcBB049lmGEsO, rec1bxSv2RibKnjBg, recnv7U8jr3gZ1lky, receBdgSZgrc2F1yD","recRsxAqRnyD0hIL5, recKkP3TAlDTtLiuo, rec2JL5kJJ1pJCPL1, recAaYIO7j0kgDYbf, recT4f3tvSbqWAgBw, reclTbJmA8iYIbUMn, reccJvdb4qs4gLNRe, recha6SAlP3xFUq4T, recYvvDkXUpteLjhQ, recrX6y3d7qfgiUrT, recB9ri5DlUq27HpJ, recxSNdyVhznqbZ88, recYzbDRWK9fN7R6B, rec2Y9nCSUJ1HYZmN, recqeRyxAIZ7eKKfF, recoUg1DrrPaqjGQh, recebZs8nlpqsDqy1, recRfQOodavyWaS3u, rec5qQKEx2EH3qAce, rec8YWJTakpmIkfe7, recyx3ZSmZqFnXafv, recGwiYo13EpOTndg, recy0r7vtQvnKvsOL, reco5igDK2bU5Dw01, recFNz4Jhea4AVug4, rec4rRcozI2fwN4ZO, recl0OLC6iSTCMTZu, recsozPfurWS0N5Ox, recwr2L9Mct7dE51H, rec5SVUldpZJpTLh9, rec77NmsIIW66qoHg, recuVujFSHmDeJ3BG, rec6NwTofHBGmZInJ, recXR6RzvDkkHzi2E, recqTL66V1gh2SjeK, rec1CITs0erlgrejI, rec3Lv7L4n0P5NRXG, recINluftAPavksWY, rec1uVBjIQODjal27, recISyk9tLHy8M5nn, recF3yrCOuu1R5WWn, reca1EA58OLPRmVpr, recf2LUJMPK0syGHZ, recvkAS7HacVMiozb, reckmGaZaq5z09MXR, recqRCEI6AzpyzFBa, recHKgsM8akY38ItI, rec8lhVZaga97JNPG, rec7fGXGOJzrAEf2H, recLr4qbLpkZNIcs1, recZwCmS9nIiIiDk9, recEfZBvWw9nHwH1C, recvuhgMsucQvK38B, recbyxDEVmqEJOGEm, recRqbE5GobS5ypJO, rec21JVl1hc1NAcjF, recLQrNqZ1MFCFp9Y, recEiVaIfGGw9dPmm, recyXksrMGanEno4s, rechpQhjZNZyMJaKd, rec8N8q9NY4ZMpidr, rec8v17apgWvVZyv8, recktZRRegRdPu7BF, recECNp5P1uw2tKfG, recfHVj4XC2Io9yHD, recxPYhu0wVUq8I00, recZgKqtULFI7aTbk, rec8JdQ8m26j0J5Ii, recTNCSWMJ2wYbOzB, recNA23OClnzCTLwq, reclPQp9DlG5KIMZ6, reczXLM55EAIzXMgJ, recKSMprKLEieLyvE, rec7EqxLQUj6YTgjT, recCcLx86DjEMRVI3, recQoV723sjWnXzFf, reckB84w1I7PYO70q, recRLv58bRCFXEEmM, recoQ4M1UFDYTpRtz, recvISUhZ3bLfwmRd, recIiLdL0yZoPruxo, reckZA8SDPRO4FPlr, recSwJMQFvt4VDgFE, recgJ0JW0cUB1lpIQ, recqZjESmxsIBT0cR, rec8OYVrnZXECHyH2, recYk1Rr12pasPzbC, recn7b44FTM2gLwQt, recPPB3jgQAl4RoaP, recZlrm9ku16r0EyK, recZ4xnDgCQUqC1J8, recp6DGLCaTxNl8Lh, recVgr0Jt9BCXPwrq, recJHurBuD1aU8lxT, rec4AlY1GOyZKwW8C, recOwl3cingd8zWEb, rec3RuqCKXEI4Gcsq, recSvNHfXtYZuMro9, rec8yc1YcsqsvOize, recSIgeTvZw06BnOK, recjGAYEOulTe2EU3, recYiXLEk8DZ29sNC, recjeGf9u2bH8nPlj, recoWfRNy3Me1wKfB, reckirOiXpq90sUfn, rec46KtdOk0HjfDw1, recgFonuHJaHd9g1T, reczWOtikcP4ofJZP, rec8ggeIQTlmww2Nf, rec4RauKJEov9pPmH, recJyf9NectewwQwI, recFuXn2NBfsWPQLH, recqChRyIGnMmQOuO, recjAJfRYvh4pri3J, recVPwRwUZe832ABK, recwMucBtv60vCRPH, rec2xeRGJSpbQBs6i, rec45yTVyDirbipb1, recowvjMgKFTslp3H, recOieepC1dJP16UP, recQIXxWsZj1kOtnz, recHsFNhHJlBpFjgW, recW4YaEApUQpAkIZ, rec53OACb88HAJTmv, recvDTvx97dKfDDAQ, recHr5B1nGxnu8KnT, rec2OqXnmVKO7oJ7Q, recKrHw6m4VJcdyLw, recie6RmdcSYmh1RS",Core,"rec8ZCAHLZ9Zj6YtG, recdorXEQnFC3mdaM, recZjPoIybJlYq5qA, recNhMQvucOA0MgLG, rec3MCyKh3Dayx8zo, reczsgNcRp9jMQtZ1, recxZue1MssrQVaoB, recCY0PpEveZpdUdg, recNBge8FivwinbKF, recFYJHHUksyt8CA1, rec6guXf7NG1dmhmd, recMewe1Mq3eX0Clh, recac4fLeI1SnNXJP, rec0uMUS2sEuo2lSk, recqWX5WJHUU7MGWw, recgiFOmB4akxmRVG, recIe4RnIox9Fn10p, reclVJ9NH32P285s6, rec6tN6W6CGPTl2Rr, recfkkLInBlbq3T2X, recDttLaPe4mDjis7, recgOSPlw7JNPJTuU, rec3axPAXAtSJyPWm, recSjGc4lWe5zh9FY, recDasvq8w98u4HdA, recaQv8GxpWoA4Cde, rec5jfSGMrf1wVcx5, rec8K7Hf8Rv1Dns9i, rec8lGHwiGxf6IvGF, recm6zGHnVofbCSWT, rec6UQY7n9kKcKxbA, rech1fNuMUQ33NdcN, recZhdkhFVWPhdMI2, reclrvqqZdbFt0k8h, rec5nIE8neZiHStVH, recQW9QEyd2tx9Wkz, recOOpFxkBSg7ZtTH, recLKauRY3o8KOLGc, recTfKeRR5oU1yfI1, recJTFcSzhzyxwqYl, recFQshg1p2EcLmNf, recPs60zovY2H33c9, reci2cBjbbDtnVTZf, recmvGnXW1TAuDGFb, recu77LkIJaHFkZTj, rec999HwDprZp8M1b, recnymrZlbf8TjNpZ, rechNN3VYenBYV7vE, rec4Q3OTfnpGIREiW, rectz5MNU0bxtXFBA, rec11Y8uVB2jDo55U, reco0ItB2ZQiYvgdW, rec4rAJH2WuVSbf65, recslY9EDxPFOZ2Th, recpF4tpekw34qfdG, recn87a8LGfML1ifs, rec5C7mPryuDTkshr, recQGCKIeq2OYS2KH, reczrQCHrTi9Jlnda, rec2dq2XUSEJjkIvo, recZwiMbAecAOfC1Z, recWRISqqApVN7Lnc, rec4tab1ahG85VzcK, recCaT8aKff88QEgM, recSQaVqbKt4RCCuc, recYeNQPwf6J0jkBX, recTSg3AtXqSzTLk4, recKFVKdEwoZHcnDw, rec6e5Xl0WE0yV1DI, rec9XY1Nqi56NnhwI, recFQGfJfMgjwclzn, recr0F761zlsF8mRF, recNebRZrtiIlHX0S, recDLpiTSnszEWCYX, recu5kzStQFQyOZbS, recOQwZJXoCZbUyUH, recYEmCGjpWPFNA8F, recqCuLxz5JSqUys8, recdJQXgz7Bd3RL9R, rec1rfAZNQZalTtMw, recQCrCVWCShlD2p3, recwyyM3Im4XGzRW4, rec0trfM2ftdbYp0i, recnN5ePO8TWZwNLX, rectaTgotXJ1In9Bp, rec6lF5NeBEW0oam1, reckxsqckuwDvNUqt, recidUevuwkamDOfV, recqLsq5Pp8F4t0Ix, recMIalue0xY6t6UQ, recIo9pKfAnqtccD7, recBz4ZuYvyyVSdON, recOfEDimQpEeJ6vJ, recKhw6Yc51sHhkJA, rec7NiLjJdGG67hbN, recqknuEfIJ2kFWuE, reclPxSl6SHOe3Mks, rec5qav7Y8CD4Kpi0, recoOr5zJOMTXMhpp, recqcPY83QCgpGh77, recQeqhetPd5IJFni, recTWGC2mjnhzX7qL, recRQgleGQyyxGaZq, recoG0MYleDtap5uP, recllezSfavrFpzcz, recBm315iLnET6TbC, recRzisOwWbDeFUyk, recz1Udp8STmKUYlR, recWvZ2eQUPoweV8w, recRddPswDcLJ9uEN, recvaOQY1gpYA6KKq, recFlMGYiZi1Fasz9, recJFtSwUUYJoN2Fl, recHlmZXY4IKl9KSi, rececKb74pOu5tBgj, recOKH2GOquoMaike, reczV1FhUVIr4HO2f, recyB34dsFnYbOi6X, recQfqWgY6Kl4srBu, rec4t6D6QW0LImo4H, recB8gpBMLyvm61Kr, recCcdDERdPGIXfUD, rec6D16L7cqVycJv3, recTw7sfsWW8IHjrY, recoILUF8ttlovtRy, recpliXXTjJNj7gcn, recd8OAQovQ6TQEeV, recjV97f3ERSaXOYb, recKmDZtwm4bm3fk7, recPFz7rDLlvP2X1N, recgTvogiUBm9uSHP, recqXZp2ZD6MTcZwj, recGOVIQWYZIqVbdk, rec1k7KWQ3p0BDV2S, reccWWM3A6jU6XPk8, rec41VEDvQOvND6sM, rec2mQYMvERXvAmeT, recA35jrR7d3jKSi9, rec0b8F3YbiDePyc0, recoJTK4nj89ntLa6, receChTVvqqLAdT19, rechSPSpKtrCVlaSu, recdjR1S25jDx8DRj, recJnqWp0b0LchksK, recQCnPZc3etPVOL5, rec6JxXf39gmNujlb, recxwWpQ8p7Ecfhgs, reck4RUg3KHn7SGt0, recXEPrNQgiZsSZ3f, recHcahLeVJpguF8F, reciuqitoJGU7FLOz, recrtIyqIV7ss0gOy, rec97DX7SO5QIxjZX, reczVrNkedhpyN9Da, recLICieDf9EekwXx, recwkDtwEM3kQ9KHd, rec4E7OidqXbwb4MC, recZNfKDjGXAALdON, recs2wOKTt5pmZ5SC, recFxAtRqdxE0e2H8, recUqt0hen2JrsT8k, rec7aWQfjVrmsBf6O, recsu455ugVUplvCM, reckrYeCbZUW6Dh3d, recAKngDQgxd7C5Sk, recyqnXfOpFyyP9ou, rectWXYOkJPstKHRa","recjgSgnrdLSBJBZe, recBp4p7hx3cGOZFS, recn2NJclI5AuwTnP, recqjvztOuYRXj3Sm, recseppfup15Ij0xE, recpCHgbnbY5cEy1Q, recJeEd61woRAahla, recMVZ6YoOQTJvFBa, recEPturjvPaeVBMk, recY1Tz7OcO33HuVW, recxlOQKCdytNnWtb, recbjdq0PfP4GcXi1, recutpzJz61uQt7wt, recLm7PvuOlBuiAEk, recV7GwS5qz8ax9e3, recXrIxSC6eJAABsm, recBVz1P5qclRyYRf, recDyD93EFJDUtdwq, recKMLHBA5mgUKArk, reclbWmQP7SMJmseU, recZkuVpMxOjNagr1, recvl8UuJgKIngkOf, recRpixGBWGUwkN7B, recxdHdNneF2qdfCI, reccZbmA70Zghtazb, rec5k4qj3T8SPVTI2, rec78l8tMeHxVQibM, recBPu9PYFPU8hate","recqjvztOuYRXj3Sm, recseppfup15Ij0xE, recpCHgbnbY5cEy1Q, recJeEd61woRAahla, recMVZ6YoOQTJvFBa, recEPturjvPaeVBMk, recxlOQKCdytNnWtb, recbjdq0PfP4GcXi1, recutpzJz61uQt7wt, recV7GwS5qz8ax9e3, recXrIxSC6eJAABsm, recBVz1P5qclRyYRf, recDyD93EFJDUtdwq, recKMLHBA5mgUKArk, reclbWmQP7SMJmseU, recZkuVpMxOjNagr1, recvl8UuJgKIngkOf, recRpixGBWGUwkN7B, recxdHdNneF2qdfCI, recY1Tz7OcO33HuVW, recLm7PvuOlBuiAEk, rec5k4qj3T8SPVTI2, reccZbmA70Zghtazb, rec78l8tMeHxVQibM, recBPu9PYFPU8hate",14.285714285714286
recdcG87gZcRERNP6,,,2025-10-07T14:12:21.000Z,"{""id"": ""usrdgG7vRV8iqukqL"", ""email"": ""keegankdolan@gmail.com"", ""name"": ""Keegan Dolan""}",,,optimal_omicmage,,rec4QIBfko80oUrse,2025-10-07T14:12:21.000Z,"{""id"": ""usrdgG7vRV8iqukqL"", ""email"": ""keegankdolan@gmail.com"", ""name"": ""Keegan Dolan""}",,,,,,,14.285714285714286
rec6iVH2mNtaiYQDT,,,2025-10-07T14:12:21.000Z,"{""id"": ""usrdgG7vRV8iqukqL"", ""email"": ""keegankdolan@gmail.com"", ""name"": ""Keegan Dolan""}",,,good_omicmage,,rec4QIBfko80oUrse,2025-10-07T14:12:21.000Z,"{""id"": ""usrdgG7vRV8iqukqL"", ""email"": ""keegankdolan@gmail.com"", ""name"": ""Keegan Dolan""}",,,,,,,14.285714285714286
recAi0ZE05I1HDas0,,,2025-10-07T14:12:21.000Z,"{""id"": ""usrdgG7vRV8iqukqL"", ""email"": ""keegankdolan@gmail.com"", ""name"": ""Keegan Dolan""}",,,in-range_omicmage,,rec4QIBfko80oUrse,2025-10-07T14:12:21.000Z,"{""id"": ""usrdgG7vRV8iqukqL"", ""email"": ""keegankdolan@gmail.com"", ""name"": ""Keegan Dolan""}",,,,,,,14.285714285714286
recaZi54cKasCOW3K,,,2025-10-07T14:12:21.000Z,"{""id"": ""usrdgG7vRV8iqukqL"", ""email"": ""keegankdolan@gmail.com"", ""name"": ""Keegan Dolan""}",,,at_risk_omicmage,,rec4QIBfko80oUrse,2025-10-07T14:12:21.000Z,"{""id"": ""usrdgG7vRV8iqukqL"", ""email"": ""keegankdolan@gmail.com"", ""name"": ""Keegan Dolan""}",,,,,,,14.285714285714286
recK2ywUOjfiiFL6h,,,2025-10-07T14:12:21.000Z,"{""id"": ""usrdgG7vRV8iqukqL"", ""email"": ""keegankdolan@gmail.com"", ""name"": ""Keegan Dolan""}",,,high_risk_omicmage,,rec4QIBfko80oUrse,2025-10-07T14:12:21.000Z,"{""id"": ""usrdgG7vRV8iqukqL"", ""email"": ""keegankdolan@gmail.com"", ""name"": ""Keegan Dolan""}",,,,,,,14.285714285714286
rece0FIXKJO0wx009,,,2025-10-07T14:12:21.000Z,"{""id"": ""usrdgG7vRV8iqukqL"", ""email"": ""keegankdolan@gmail.com"", ""name"": ""Keegan Dolan""}",,,optimal_dunedinpace,,recSPcdttzjfdYKGh,2025-10-07T14:12:21.000Z,"{""id"": ""usrdgG7vRV8iqukqL"", ""email"": ""keegankdolan@gmail.com"", ""name"": ""Keegan Dolan""}",,,,,,,14.285714285714286
recIfoTgtEdQlnCWS,,,2025-10-07T14:12:21.000Z,"{""id"": ""usrdgG7vRV8iqukqL"", ""email"": ""keegankdolan@gmail.com"", ""name"": ""Keegan Dolan""}",,,good_dunedinpace,,recSPcdttzjfdYKGh,2025-10-07T14:12:21.000Z,"{""id"": ""usrdgG7vRV8iqukqL"", ""email"": ""keegankdolan@gmail.com"", ""name"": ""Keegan Dolan""}",,,,,,,14.285714285714286
recbCvTxZyNUF5l63,,,2025-10-07T14:12:21.000Z,"{""id"": ""usrdgG7vRV8iqukqL"", ""email"": ""keegankdolan@gmail.com"", ""name"": ""Keegan Dolan""}",,,in-range_dunedinpace,,recSPcdttzjfdYKGh,2025-10-07T14:12:21.000Z,"{""id"": ""usrdgG7vRV8iqukqL"", ""email"": ""keegankdolan@gmail.com"", ""name"": ""Keegan Dolan""}",,,,,,,14.285714285714286
recdE7dwKI48qzkxI,,,2025-10-07T14:12:21.000Z,"{""id"": ""usrdgG7vRV8iqukqL"", ""email"": ""keegankdolan@gmail.com"", ""name"": ""Keegan Dolan""}",,,at_risk_dunedinpace,,recSPcdttzjfdYKGh,2025-10-07T14:12:21.000Z,"{""id"": ""usrdgG7vRV8iqukqL"", ""email"": ""keegankdolan@gmail.com"", ""name"": ""Keegan Dolan""}",,,,,,,14.285714285714286
recwcVBjbUD275vCg,,,2025-10-07T14:12:21.000Z,"{""id"": ""usrdgG7vRV8iqukqL"", ""email"": ""keegankdolan@gmail.com"", ""name"": ""Keegan Dolan""}",,,high_risk_dunedinpace,,recSPcdttzjfdYKGh,2025-10-07T14:12:21.000Z,"{""id"": ""usrdgG7vRV8iqukqL"", ""email"": ""keegankdolan@gmail.com"", ""name"": ""Keegan Dolan""}",,,,,,,14.285714285714286
