record_id,created,created_by,last_modified,last_modified_by,name,quest_test_directory
recCrOYLpLaLOWcUd,2025-06-20T15:44:03.000Z,"{""id"": ""usrdgG7vRV8iqukqL"", ""email"": ""keegankdolan@gmail.com"", ""name"": ""Keegan Dolan""}",2025-06-20T16:12:50.000Z,"{""id"": ""usrdgG7vRV8iqukqL"", ""email"": ""keegankdolan@gmail.com"", ""name"": ""Keegan Dolan""}",82465,recmX07zsB4d0om0B
recZOgkPQIWYQx4q8,2025-06-20T15:44:17.000Z,"{""id"": ""usrdgG7vRV8iqukqL"", ""email"": ""keegankdolan@gmail.com"", ""name"": ""Keegan Dolan""}",2025-06-20T15:53:46.000Z,"{""id"": ""usrdgG7vRV8iqukqL"", ""email"": ""keegankdolan@gmail.com"", ""name"": ""Keegan Dolan""}",80061,recULZ6H57rhN4aJB
recyr6X1S3iw8oHwF,2025-06-20T15:44:31.000Z,"{""id"": ""usrdgG7vRV8iqukqL"", ""email"": ""keegankdolan@gmail.com"", ""name"": ""Keegan Dolan""}",2025-06-20T15:44:31.000Z,"{""id"": ""usrdgG7vRV8iqukqL"", ""email"": ""keegankdolan@gmail.com"", ""name"": ""Keegan Dolan""}",83721,recQH24HG3IWmtl82
rec2PK7Z1RvNh2uFq,2025-06-20T15:44:39.000Z,"{""id"": ""usrdgG7vRV8iqukqL"", ""email"": ""keegankdolan@gmail.com"", ""name"": ""Keegan Dolan""}",2025-06-20T15:44:39.000Z,"{""id"": ""usrdgG7vRV8iqukqL"", ""email"": ""keegankdolan@gmail.com"", ""name"": ""Keegan Dolan""}",83718,recqbAd535ENxQ3Pd
recH4lqxzZ0Jaqhje,2025-06-20T15:44:50.000Z,"{""id"": ""usrdgG7vRV8iqukqL"", ""email"": ""keegankdolan@gmail.com"", ""name"": ""Keegan Dolan""}",2025-06-20T15:53:56.000Z,"{""id"": ""usrdgG7vRV8iqukqL"", ""email"": ""keegankdolan@gmail.com"", ""name"": ""Keegan Dolan""}",83695,"rec5Twxafad8msUbV, recN3Lk6zFtupJpaa"
reccrRtCHB0pKn9GW,2025-06-20T15:45:02.000Z,"{""id"": ""usrdgG7vRV8iqukqL"", ""email"": ""keegankdolan@gmail.com"", ""name"": ""Keegan Dolan""}",2025-06-20T15:45:02.000Z,"{""id"": ""usrdgG7vRV8iqukqL"", ""email"": ""keegankdolan@gmail.com"", ""name"": ""Keegan Dolan""}",84478,recI5cpIog525q3z0
recK7lpizKoIAbxLx,2025-06-20T15:45:10.000Z,"{""id"": ""usrdgG7vRV8iqukqL"", ""email"": ""keegankdolan@gmail.com"", ""name"": ""Keegan Dolan""}",2025-06-20T16:33:26.000Z,"{""id"": ""usrdgG7vRV8iqukqL"", ""email"": ""keegankdolan@gmail.com"", ""name"": ""Keegan Dolan""}",82172,"recsUGQy6utn7yFus, recN3Lk6zFtupJpaa"
recsHXDTHyNBEV9sd,2025-06-20T15:45:35.000Z,"{""id"": ""usrdgG7vRV8iqukqL"", ""email"": ""keegankdolan@gmail.com"", ""name"": ""Keegan Dolan""}",2025-06-20T15:45:35.000Z,"{""id"": ""usrdgG7vRV8iqukqL"", ""email"": ""keegankdolan@gmail.com"", ""name"": ""Keegan Dolan""}",82542,recPkdSkKX4GDXdBv
recfTFqmFnhSpmquG,2025-06-20T15:46:01.000Z,"{""id"": ""usrdgG7vRV8iqukqL"", ""email"": ""keegankdolan@gmail.com"", ""name"": ""Keegan Dolan""}",2025-06-20T16:43:16.000Z,"{""id"": ""usrdgG7vRV8iqukqL"", ""email"": ""keegankdolan@gmail.com"", ""name"": ""Keegan Dolan""}",85025,"reco0GKqLcL1pgiBy, rec3ViqkvYw4jxxhM"
recKchDZcWslRtIyW,2025-06-20T15:46:12.000Z,"{""id"": ""usrdgG7vRV8iqukqL"", ""email"": ""keegankdolan@gmail.com"", ""name"": ""Keegan Dolan""}",2025-06-20T15:57:59.000Z,"{""id"": ""usrdgG7vRV8iqukqL"", ""email"": ""keegankdolan@gmail.com"", ""name"": ""Keegan Dolan""}",83735,"recl9TOig6x4BhRlh, rec5CpcSWaheTPp32"
recyG1i6w9uGfcQou,2025-06-20T15:46:37.000Z,"{""id"": ""usrdgG7vRV8iqukqL"", ""email"": ""keegankdolan@gmail.com"", ""name"": ""Keegan Dolan""}",2025-06-20T15:59:13.000Z,"{""id"": ""usrdgG7vRV8iqukqL"", ""email"": ""keegankdolan@gmail.com"", ""name"": ""Keegan Dolan""}",82306,"recw7gqbidax97hIy, recTBPmvIRNYM8gw5"
rec873890d9JF2Ckv,2025-06-20T15:47:09.000Z,"{""id"": ""usrdgG7vRV8iqukqL"", ""email"": ""keegankdolan@gmail.com"", ""name"": ""Keegan Dolan""}",2025-06-20T15:51:22.000Z,"{""id"": ""usrdgG7vRV8iqukqL"", ""email"": ""keegankdolan@gmail.com"", ""name"": ""Keegan Dolan""}",82728,"recu9GP135a1sYLwf, recwFb7ApwqTfgoez"
recAdbT64TtLIrl0S,2025-06-20T15:51:17.000Z,"{""id"": ""usrdgG7vRV8iqukqL"", ""email"": ""keegankdolan@gmail.com"", ""name"": ""Keegan Dolan""}",2025-06-20T15:57:57.000Z,"{""id"": ""usrdgG7vRV8iqukqL"", ""email"": ""keegankdolan@gmail.com"", ""name"": ""Keegan Dolan""}",83540,"recwFb7ApwqTfgoez, recwpXX7jdfmPHCZw, rec5CpcSWaheTPp32"
recWXPDl5u0FdimP3,2025-06-20T15:51:19.000Z,"{""id"": ""usrdgG7vRV8iqukqL"", ""email"": ""keegankdolan@gmail.com"", ""name"": ""Keegan Dolan""}",2025-06-20T15:51:42.000Z,"{""id"": ""usrdgG7vRV8iqukqL"", ""email"": ""keegankdolan@gmail.com"", ""name"": ""Keegan Dolan""}",83550,"recwFb7ApwqTfgoez, recwpXX7jdfmPHCZw"
rec97ZU28C8k4TZNu,2025-06-20T15:53:07.000Z,"{""id"": ""usrdgG7vRV8iqukqL"", ""email"": ""keegankdolan@gmail.com"", ""name"": ""Keegan Dolan""}",2025-06-20T15:53:59.000Z,"{""id"": ""usrdgG7vRV8iqukqL"", ""email"": ""keegankdolan@gmail.com"", ""name"": ""Keegan Dolan""}",86141,"recppQ9HWBjjogS8m, recwlIvBbDk3OYwvc, recN3Lk6zFtupJpaa"
recun2BBylDWO67nr,2025-06-20T15:53:46.000Z,"{""id"": ""usrdgG7vRV8iqukqL"", ""email"": ""keegankdolan@gmail.com"", ""name"": ""Keegan Dolan""}",2025-06-20T15:53:46.000Z,"{""id"": ""usrdgG7vRV8iqukqL"", ""email"": ""keegankdolan@gmail.com"", ""name"": ""Keegan Dolan""}",83704,recN3Lk6zFtupJpaa
recva3JHIvZh18kfZ,2025-06-20T15:53:48.000Z,"{""id"": ""usrdgG7vRV8iqukqL"", ""email"": ""keegankdolan@gmail.com"", ""name"": ""Keegan Dolan""}",2025-06-20T15:53:48.000Z,"{""id"": ""usrdgG7vRV8iqukqL"", ""email"": ""keegankdolan@gmail.com"", ""name"": ""Keegan Dolan""}",83704,recN3Lk6zFtupJpaa
recXyHucaLhY9tPtu,2025-06-20T15:54:04.000Z,"{""id"": ""usrdgG7vRV8iqukqL"", ""email"": ""keegankdolan@gmail.com"", ""name"": ""Keegan Dolan""}",2025-06-20T15:54:04.000Z,"{""id"": ""usrdgG7vRV8iqukqL"", ""email"": ""keegankdolan@gmail.com"", ""name"": ""Keegan Dolan""}",83698,recN3Lk6zFtupJpaa
recMXs0BnqXyzP0w6,2025-06-20T15:57:39.000Z,"{""id"": ""usrdgG7vRV8iqukqL"", ""email"": ""keegankdolan@gmail.com"", ""name"": ""Keegan Dolan""}",2025-06-20T16:37:43.000Z,"{""id"": ""usrdgG7vRV8iqukqL"", ""email"": ""keegankdolan@gmail.com"", ""name"": ""Keegan Dolan""}",82310,"rec5CpcSWaheTPp32, recTBPmvIRNYM8gw5, rec1iP2jqTRKVYqoB"
reciom2wBHUCaCfuK,2025-06-20T15:57:44.000Z,"{""id"": ""usrdgG7vRV8iqukqL"", ""email"": ""keegankdolan@gmail.com"", ""name"": ""Keegan Dolan""}",2025-06-20T15:57:57.000Z,"{""id"": ""usrdgG7vRV8iqukqL"", ""email"": ""keegankdolan@gmail.com"", ""name"": ""Keegan Dolan""}",82495,rec5CpcSWaheTPp32
recvAShbzQyDgK1qy,2025-06-20T15:57:48.000Z,"{""id"": ""usrdgG7vRV8iqukqL"", ""email"": ""keegankdolan@gmail.com"", ""name"": ""Keegan Dolan""}",2025-06-20T15:57:57.000Z,"{""id"": ""usrdgG7vRV8iqukqL"", ""email"": ""keegankdolan@gmail.com"", ""name"": ""Keegan Dolan""}",82525,rec5CpcSWaheTPp32
recOPSCdqMZN9i6CL,2025-06-20T15:58:05.000Z,"{""id"": ""usrdgG7vRV8iqukqL"", ""email"": ""keegankdolan@gmail.com"", ""name"": ""Keegan Dolan""}",2025-06-20T15:58:05.000Z,"{""id"": ""usrdgG7vRV8iqukqL"", ""email"": ""keegankdolan@gmail.com"", ""name"": ""Keegan Dolan""}",83785,rec5CpcSWaheTPp32
rec90AX0UQVashcLI,2025-06-20T15:58:09.000Z,"{""id"": ""usrdgG7vRV8iqukqL"", ""email"": ""keegankdolan@gmail.com"", ""name"": ""Keegan Dolan""}",2025-06-20T15:58:09.000Z,"{""id"": ""usrdgG7vRV8iqukqL"", ""email"": ""keegankdolan@gmail.com"", ""name"": ""Keegan Dolan""}",83018,rec5CpcSWaheTPp32
recL137R23c1C7yJV,2025-06-20T15:58:14.000Z,"{""id"": ""usrdgG7vRV8iqukqL"", ""email"": ""keegankdolan@gmail.com"", ""name"": ""Keegan Dolan""}",2025-06-20T15:58:14.000Z,"{""id"": ""usrdgG7vRV8iqukqL"", ""email"": ""keegankdolan@gmail.com"", ""name"": ""Keegan Dolan""}",84255,rec5CpcSWaheTPp32
recbo8zAiaKwGm7B3,2025-06-20T15:58:18.000Z,"{""id"": ""usrdgG7vRV8iqukqL"", ""email"": ""keegankdolan@gmail.com"", ""name"": ""Keegan Dolan""}",2025-06-20T15:58:18.000Z,"{""id"": ""usrdgG7vRV8iqukqL"", ""email"": ""keegankdolan@gmail.com"", ""name"": ""Keegan Dolan""}",84630,rec5CpcSWaheTPp32
recOut5ZIRPIZkpoi,2025-06-20T15:58:33.000Z,"{""id"": ""usrdgG7vRV8iqukqL"", ""email"": ""keegankdolan@gmail.com"", ""name"": ""Keegan Dolan""}",2025-06-20T16:31:06.000Z,"{""id"": ""usrdgG7vRV8iqukqL"", ""email"": ""keegankdolan@gmail.com"", ""name"": ""Keegan Dolan""}",80051,"recTBPmvIRNYM8gw5, recaA4LfGpP4bKE3N"
recZYFu1ppIQhZ6bQ,2025-06-20T15:58:38.000Z,"{""id"": ""usrdgG7vRV8iqukqL"", ""email"": ""keegankdolan@gmail.com"", ""name"": ""Keegan Dolan""}",2025-06-20T15:58:38.000Z,"{""id"": ""usrdgG7vRV8iqukqL"", ""email"": ""keegankdolan@gmail.com"", ""name"": ""Keegan Dolan""}",82570,recTBPmvIRNYM8gw5
recpb6kA2BfF6QFki,2025-06-20T15:58:43.000Z,"{""id"": ""usrdgG7vRV8iqukqL"", ""email"": ""keegankdolan@gmail.com"", ""name"": ""Keegan Dolan""}",2025-06-20T15:58:43.000Z,"{""id"": ""usrdgG7vRV8iqukqL"", ""email"": ""keegankdolan@gmail.com"", ""name"": ""Keegan Dolan""}",82043,recTBPmvIRNYM8gw5
rec5fcku0TY2sRFUO,2025-06-20T15:58:49.000Z,"{""id"": ""usrdgG7vRV8iqukqL"", ""email"": ""keegankdolan@gmail.com"", ""name"": ""Keegan Dolan""}",2025-06-20T16:32:32.000Z,"{""id"": ""usrdgG7vRV8iqukqL"", ""email"": ""keegankdolan@gmail.com"", ""name"": ""Keegan Dolan""}",82565,"recTBPmvIRNYM8gw5, recaA4LfGpP4bKE3N, recNsg8wPIhFc4WOB"
recEoNhW8tuQZRgYv,2025-06-20T15:58:53.000Z,"{""id"": ""usrdgG7vRV8iqukqL"", ""email"": ""keegankdolan@gmail.com"", ""name"": ""Keegan Dolan""}",2025-06-20T16:23:29.000Z,"{""id"": ""usrdgG7vRV8iqukqL"", ""email"": ""keegankdolan@gmail.com"", ""name"": ""Keegan Dolan""}",85018,"recTBPmvIRNYM8gw5, recxrpjmVRNsanX9f, recJV9IOCnvqrjkDc"
recbYIBUySpuqiJZ0,2025-06-20T15:58:57.000Z,"{""id"": ""usrdgG7vRV8iqukqL"", ""email"": ""keegankdolan@gmail.com"", ""name"": ""Keegan Dolan""}",2025-06-20T15:58:57.000Z,"{""id"": ""usrdgG7vRV8iqukqL"", ""email"": ""keegankdolan@gmail.com"", ""name"": ""Keegan Dolan""}",83970,recTBPmvIRNYM8gw5
rec5pWP8eF7J6QUn8,2025-06-20T15:59:08.000Z,"{""id"": ""usrdgG7vRV8iqukqL"", ""email"": ""keegankdolan@gmail.com"", ""name"": ""Keegan Dolan""}",2025-06-20T15:59:08.000Z,"{""id"": ""usrdgG7vRV8iqukqL"", ""email"": ""keegankdolan@gmail.com"", ""name"": ""Keegan Dolan""}",84100,recTBPmvIRNYM8gw5
recqj2AGuYezCf1qU,2025-06-20T16:03:35.000Z,"{""id"": ""usrdgG7vRV8iqukqL"", ""email"": ""keegankdolan@gmail.com"", ""name"": ""Keegan Dolan""}",2025-06-20T16:03:35.000Z,"{""id"": ""usrdgG7vRV8iqukqL"", ""email"": ""keegankdolan@gmail.com"", ""name"": ""Keegan Dolan""}",85999,recuLpp0loDbhfGPs
rec97VkBk0XQGzh3u,2025-06-20T16:04:06.000Z,"{""id"": ""usrdgG7vRV8iqukqL"", ""email"": ""keegankdolan@gmail.com"", ""name"": ""Keegan Dolan""}",2025-06-20T16:31:18.000Z,"{""id"": ""usrdgG7vRV8iqukqL"", ""email"": ""keegankdolan@gmail.com"", ""name"": ""Keegan Dolan""}",82947,"rec3gwbgEv2nEycjc, recaA4LfGpP4bKE3N"
recfUoDDrnNJJeEbR,2025-06-20T16:04:56.000Z,"{""id"": ""usrdgG7vRV8iqukqL"", ""email"": ""keegankdolan@gmail.com"", ""name"": ""Keegan Dolan""}",2025-06-20T16:04:56.000Z,"{""id"": ""usrdgG7vRV8iqukqL"", ""email"": ""keegankdolan@gmail.com"", ""name"": ""Keegan Dolan""}",83525,recCQbBZoYsukkW4J
rec0hnlSXWrqJQ902,2025-06-20T16:06:52.000Z,"{""id"": ""usrdgG7vRV8iqukqL"", ""email"": ""keegankdolan@gmail.com"", ""name"": ""Keegan Dolan""}",2025-06-20T16:06:52.000Z,"{""id"": ""usrdgG7vRV8iqukqL"", ""email"": ""keegankdolan@gmail.com"", ""name"": ""Keegan Dolan""}",84681,recANT326ERUdjlOh
recTRJIz9jVhqqTnQ,2025-06-20T16:09:10.000Z,"{""id"": ""usrdgG7vRV8iqukqL"", ""email"": ""keegankdolan@gmail.com"", ""name"": ""Keegan Dolan""}",2025-06-20T16:09:10.000Z,"{""id"": ""usrdgG7vRV8iqukqL"", ""email"": ""keegankdolan@gmail.com"", ""name"": ""Keegan Dolan""}",84460,recjbKDR6Izmcugfg
recR7XQWAkBoXWQSZ,2025-06-20T16:10:05.000Z,"{""id"": ""usrdgG7vRV8iqukqL"", ""email"": ""keegankdolan@gmail.com"", ""name"": ""Keegan Dolan""}",2025-06-20T16:18:10.000Z,"{""id"": ""usrdgG7vRV8iqukqL"", ""email"": ""keegankdolan@gmail.com"", ""name"": ""Keegan Dolan""}",84450,"recnEqemGsAHAyJKW, recefY52VEUPfQTmf"
recFAhiWfR5nZAcvJ,2025-06-20T16:10:26.000Z,"{""id"": ""usrdgG7vRV8iqukqL"", ""email"": ""keegankdolan@gmail.com"", ""name"": ""Keegan Dolan""}",2025-06-20T16:10:26.000Z,"{""id"": ""usrdgG7vRV8iqukqL"", ""email"": ""keegankdolan@gmail.com"", ""name"": ""Keegan Dolan""}",80076,recy6Zz6Tx0b7EfZN
recXrgPOOzDtFjcm4,2025-06-20T16:12:55.000Z,"{""id"": ""usrdgG7vRV8iqukqL"", ""email"": ""keegankdolan@gmail.com"", ""name"": ""Keegan Dolan""}",2025-06-20T16:12:55.000Z,"{""id"": ""usrdgG7vRV8iqukqL"", ""email"": ""keegankdolan@gmail.com"", ""name"": ""Keegan Dolan""}",82977,recy1CJ1VX6WkYuFu
reca3Dt5Gm4L5Ot1y,2025-06-20T16:13:52.000Z,"{""id"": ""usrdgG7vRV8iqukqL"", ""email"": ""keegankdolan@gmail.com"", ""name"": ""Keegan Dolan""}",2025-06-20T16:45:15.000Z,"{""id"": ""usrdgG7vRV8iqukqL"", ""email"": ""keegankdolan@gmail.com"", ""name"": ""Keegan Dolan""}",84403,"reccdMjrW94YRNORq, recfuAc8YGUNG7xB1, reccmfLBc2yho2aUF"
recUTG646DiOUnlSc,2025-06-20T16:14:12.000Z,"{""id"": ""usrdgG7vRV8iqukqL"", ""email"": ""keegankdolan@gmail.com"", ""name"": ""Keegan Dolan""}",2025-06-20T16:45:01.000Z,"{""id"": ""usrdgG7vRV8iqukqL"", ""email"": ""keegankdolan@gmail.com"", ""name"": ""Keegan Dolan""}",82040,"recfuAc8YGUNG7xB1, rec4gY39SWx19K20S, recefY52VEUPfQTmf, reccmfLBc2yho2aUF"
recsWy9iDOBeJSkVK,2025-06-20T16:14:17.000Z,"{""id"": ""usrdgG7vRV8iqukqL"", ""email"": ""keegankdolan@gmail.com"", ""name"": ""Keegan Dolan""}",2025-06-20T16:45:09.000Z,"{""id"": ""usrdgG7vRV8iqukqL"", ""email"": ""keegankdolan@gmail.com"", ""name"": ""Keegan Dolan""}",84270,"recfuAc8YGUNG7xB1, recPbLeaTa4DgPl2L, reccmfLBc2yho2aUF"
recDdbt0YAj2GtQXc,2025-06-20T16:16:41.000Z,"{""id"": ""usrdgG7vRV8iqukqL"", ""email"": ""keegankdolan@gmail.com"", ""name"": ""Keegan Dolan""}",2025-06-20T16:16:41.000Z,"{""id"": ""usrdgG7vRV8iqukqL"", ""email"": ""keegankdolan@gmail.com"", ""name"": ""Keegan Dolan""}",84550,recz8urnvJpCgnq9o
rectqKFEmfK8Gaqza,2025-06-20T16:17:13.000Z,"{""id"": ""usrdgG7vRV8iqukqL"", ""email"": ""keegankdolan@gmail.com"", ""name"": ""Keegan Dolan""}",2025-06-20T16:17:58.000Z,"{""id"": ""usrdgG7vRV8iqukqL"", ""email"": ""keegankdolan@gmail.com"", ""name"": ""Keegan Dolan""}",84075,"recULLoziuiTfh5ZF, recefY52VEUPfQTmf"
recM7fFefTpQOjVgB,2025-06-20T16:17:45.000Z,"{""id"": ""usrdgG7vRV8iqukqL"", ""email"": ""keegankdolan@gmail.com"", ""name"": ""Keegan Dolan""}",2025-06-20T16:18:41.000Z,"{""id"": ""usrdgG7vRV8iqukqL"", ""email"": ""keegankdolan@gmail.com"", ""name"": ""Keegan Dolan""}",80048,"recefY52VEUPfQTmf, receyYZPxONTZxBgN"
recfJY7ym7EFAZRJs,2025-06-20T16:17:53.000Z,"{""id"": ""usrdgG7vRV8iqukqL"", ""email"": ""keegankdolan@gmail.com"", ""name"": ""Keegan Dolan""}",2025-06-20T16:17:53.000Z,"{""id"": ""usrdgG7vRV8iqukqL"", ""email"": ""keegankdolan@gmail.com"", ""name"": ""Keegan Dolan""}",82247,recefY52VEUPfQTmf
recL1ZaWDb4B2evyY,2025-06-20T16:18:02.000Z,"{""id"": ""usrdgG7vRV8iqukqL"", ""email"": ""keegankdolan@gmail.com"", ""name"": ""Keegan Dolan""}",2025-06-20T16:20:38.000Z,"{""id"": ""usrdgG7vRV8iqukqL"", ""email"": ""keegankdolan@gmail.com"", ""name"": ""Keegan Dolan""}",84155,"recefY52VEUPfQTmf, recQ1mIcsbUsZt00N"
receOFU1LH4eseOM3,2025-06-20T16:23:00.000Z,"{""id"": ""usrdgG7vRV8iqukqL"", ""email"": ""keegankdolan@gmail.com"", ""name"": ""Keegan Dolan""}",2025-06-20T16:23:25.000Z,"{""id"": ""usrdgG7vRV8iqukqL"", ""email"": ""keegankdolan@gmail.com"", ""name"": ""Keegan Dolan""}",85014,"rec0KuqgheJpfXvO0, recJV9IOCnvqrjkDc"
recz8pAiTlGtan1HS,2025-06-20T16:24:21.000Z,"{""id"": ""usrdgG7vRV8iqukqL"", ""email"": ""keegankdolan@gmail.com"", ""name"": ""Keegan Dolan""}",2025-06-20T16:25:34.000Z,"{""id"": ""usrdgG7vRV8iqukqL"", ""email"": ""keegankdolan@gmail.com"", ""name"": ""Keegan Dolan""}",82607,"rec7QcnKHXYamV8Te, recyvKQgKiaMn3dvT"
recLWrgrzK18LxjKJ,2025-06-20T16:24:48.000Z,"{""id"": ""usrdgG7vRV8iqukqL"", ""email"": ""keegankdolan@gmail.com"", ""name"": ""Keegan Dolan""}",2025-06-20T16:26:26.000Z,"{""id"": ""usrdgG7vRV8iqukqL"", ""email"": ""keegankdolan@gmail.com"", ""name"": ""Keegan Dolan""}",82746,"rec7QcnKHXYamV8Te, recJY6yNqKLE0QONz"
recnb3Ow0CtdvxZNJ,2025-06-20T16:26:59.000Z,"{""id"": ""usrdgG7vRV8iqukqL"", ""email"": ""keegankdolan@gmail.com"", ""name"": ""Keegan Dolan""}",2025-06-20T16:26:59.000Z,"{""id"": ""usrdgG7vRV8iqukqL"", ""email"": ""keegankdolan@gmail.com"", ""name"": ""Keegan Dolan""}",82747,recPu76C2P4gljojO
recxWFxGmVvmE51eO,2025-06-20T16:28:04.000Z,"{""id"": ""usrdgG7vRV8iqukqL"", ""email"": ""keegankdolan@gmail.com"", ""name"": ""Keegan Dolan""}",2025-06-20T16:29:03.000Z,"{""id"": ""usrdgG7vRV8iqukqL"", ""email"": ""keegankdolan@gmail.com"", ""name"": ""Keegan Dolan""}",88271,
recQ5ks5uGyJpk1Io,2025-06-20T16:28:07.000Z,"{""id"": ""usrdgG7vRV8iqukqL"", ""email"": ""keegankdolan@gmail.com"", ""name"": ""Keegan Dolan""}",2025-06-20T16:29:03.000Z,"{""id"": ""usrdgG7vRV8iqukqL"", ""email"": ""keegankdolan@gmail.com"", ""name"": ""Keegan Dolan""}",88274,
recWT54oRllUqmLVr,2025-06-20T16:28:33.000Z,"{""id"": ""usrdgG7vRV8iqukqL"", ""email"": ""keegankdolan@gmail.com"", ""name"": ""Keegan Dolan""}",2025-06-20T16:28:33.000Z,"{""id"": ""usrdgG7vRV8iqukqL"", ""email"": ""keegankdolan@gmail.com"", ""name"": ""Keegan Dolan""}",82610,rec6JsO9hlLc0y6Hu
recgTbQtWgtOvSQl9,2025-06-20T16:29:38.000Z,"{""id"": ""usrdgG7vRV8iqukqL"", ""email"": ""keegankdolan@gmail.com"", ""name"": ""Keegan Dolan""}",2025-06-20T16:31:26.000Z,"{""id"": ""usrdgG7vRV8iqukqL"", ""email"": ""keegankdolan@gmail.com"", ""name"": ""Keegan Dolan""}",84520,"recjeogUQHqOsTKxc, recaA4LfGpP4bKE3N"
recLaLnDN4isk2cgc,2025-06-20T16:30:59.000Z,"{""id"": ""usrdgG7vRV8iqukqL"", ""email"": ""keegankdolan@gmail.com"", ""name"": ""Keegan Dolan""}",2025-06-20T16:31:02.000Z,"{""id"": ""usrdgG7vRV8iqukqL"", ""email"": ""keegankdolan@gmail.com"", ""name"": ""Keegan Dolan""}",80051525,
rechcgDPIaqRh23xs,2025-06-20T16:33:09.000Z,"{""id"": ""usrdgG7vRV8iqukqL"", ""email"": ""keegankdolan@gmail.com"", ""name"": ""Keegan Dolan""}",2025-06-20T16:33:09.000Z,"{""id"": ""usrdgG7vRV8iqukqL"", ""email"": ""keegankdolan@gmail.com"", ""name"": ""Keegan Dolan""}",83090,recovUgQE9t3i2d0I
reciJsBMf7ZZC26rx,2025-06-20T16:33:51.000Z,"{""id"": ""usrdgG7vRV8iqukqL"", ""email"": ""keegankdolan@gmail.com"", ""name"": ""Keegan Dolan""}",2025-06-20T16:34:24.000Z,"{""id"": ""usrdgG7vRV8iqukqL"", ""email"": ""keegankdolan@gmail.com"", ""name"": ""Keegan Dolan""}",82533,"recXmSPKLkP2O9Ied, recaEVPoBKUxcvK41"
receyxiezcpT7nsc9,2025-06-20T16:35:04.000Z,"{""id"": ""usrdgG7vRV8iqukqL"", ""email"": ""keegankdolan@gmail.com"", ""name"": ""Keegan Dolan""}",2025-06-20T16:35:04.000Z,"{""id"": ""usrdgG7vRV8iqukqL"", ""email"": ""keegankdolan@gmail.com"", ""name"": ""Keegan Dolan""}",82670,recgPCraFV0mYeeQJ
recJeeNgfjmbMoszr,2025-06-20T16:35:30.000Z,"{""id"": ""usrdgG7vRV8iqukqL"", ""email"": ""keegankdolan@gmail.com"", ""name"": ""Keegan Dolan""}",2025-06-20T16:35:30.000Z,"{""id"": ""usrdgG7vRV8iqukqL"", ""email"": ""keegankdolan@gmail.com"", ""name"": ""Keegan Dolan""}",84144,recEwxAfQz4dz2Vgt
reczUyB5ryXWm3Wqc,2025-06-20T16:36:04.000Z,"{""id"": ""usrdgG7vRV8iqukqL"", ""email"": ""keegankdolan@gmail.com"", ""name"": ""Keegan Dolan""}",2025-06-20T16:36:04.000Z,"{""id"": ""usrdgG7vRV8iqukqL"", ""email"": ""keegankdolan@gmail.com"", ""name"": ""Keegan Dolan""}",84443,rec1p9dDe3IZWao1V
recib0lUMQdmtgpWB,2025-06-20T16:38:04.000Z,"{""id"": ""usrdgG7vRV8iqukqL"", ""email"": ""keegankdolan@gmail.com"", ""name"": ""Keegan Dolan""}",2025-06-20T16:38:04.000Z,"{""id"": ""usrdgG7vRV8iqukqL"", ""email"": ""keegankdolan@gmail.com"", ""name"": ""Keegan Dolan""}",82330,recJfzg72jIeeiEvJ
rec4GHwIG5MClGKK2,2025-06-20T16:38:32.000Z,"{""id"": ""usrdgG7vRV8iqukqL"", ""email"": ""keegankdolan@gmail.com"", ""name"": ""Keegan Dolan""}",2025-06-20T16:38:32.000Z,"{""id"": ""usrdgG7vRV8iqukqL"", ""email"": ""keegankdolan@gmail.com"", ""name"": ""Keegan Dolan""}",82627,recfwlm0vgmCa9bFO
reciGG3XC7qNfaKAW,2025-06-20T16:40:58.000Z,"{""id"": ""usrdgG7vRV8iqukqL"", ""email"": ""keegankdolan@gmail.com"", ""name"": ""Keegan Dolan""}",2025-06-20T16:40:58.000Z,"{""id"": ""usrdgG7vRV8iqukqL"", ""email"": ""keegankdolan@gmail.com"", ""name"": ""Keegan Dolan""}",82550,recFr5GZtnHt1p8Tz
recFe3rUY9HNEvbUI,2025-06-20T16:41:32.000Z,"{""id"": ""usrdgG7vRV8iqukqL"", ""email"": ""keegankdolan@gmail.com"", ""name"": ""Keegan Dolan""}",2025-06-20T16:41:32.000Z,"{""id"": ""usrdgG7vRV8iqukqL"", ""email"": ""keegankdolan@gmail.com"", ""name"": ""Keegan Dolan""}",84295,reco88XJof4chHjGQ
rechuv1PpV9fShiYF,2025-06-20T16:42:36.000Z,"{""id"": ""usrdgG7vRV8iqukqL"", ""email"": ""keegankdolan@gmail.com"", ""name"": ""Keegan Dolan""}",2025-06-20T16:42:36.000Z,"{""id"": ""usrdgG7vRV8iqukqL"", ""email"": ""keegankdolan@gmail.com"", ""name"": ""Keegan Dolan""}",84132,recITBhefNXH1ihJN
recdQsbGf3dvWCDb4,2025-06-20T16:43:26.000Z,"{""id"": ""usrdgG7vRV8iqukqL"", ""email"": ""keegankdolan@gmail.com"", ""name"": ""Keegan Dolan""}",2025-06-20T16:43:26.000Z,"{""id"": ""usrdgG7vRV8iqukqL"", ""email"": ""keegankdolan@gmail.com"", ""name"": ""Keegan Dolan""}",85027,recUZM80qpvkz2kQx
rech9RcS1wx8RvzZY,2025-06-20T16:48:07.000Z,"{""id"": ""usrdgG7vRV8iqukqL"", ""email"": ""keegankdolan@gmail.com"", ""name"": ""Keegan Dolan""}",2025-06-20T16:48:07.000Z,"{""id"": ""usrdgG7vRV8iqukqL"", ""email"": ""keegankdolan@gmail.com"", ""name"": ""Keegan Dolan""}",83036,recYiPFtdQczqcYVL
